Problem,Method,Benchmark,Instance,n,m,LB,UB,Gap,ActualTime,BKS,RPD
Hybridflowshop,CPLEX_CP,Ruben,1,50,5,952,961,0.009365245,3600.089,955,0.628272251
Hybridflowshop,CPLEX_CP,Ruben,2,50,5,910,910,0,117.486,909,0.110011001
Hybridflowshop,CPLEX_CP,Ruben,3,50,5,963,963,0,1446.538,963,0
Hybridflowshop,CPLEX_CP,Ruben,4,50,5,998,1005,0.006965174,3600.103,1003,0.199401795
Hybridflowshop,CPLEX_CP,Ruben,5,50,5,993,995,0.00201005,3600.128,993,0.201409869
Hybridflowshop,CPLEX_CP,Ruben,6,50,5,924,925,0.001081081,3600.112,924,0.108225108
Hybridflowshop,CPLEX_CP,Ruben,7,50,5,963,976,0.013319672,3600.127,969,0.722394221
Hybridflowshop,CPLEX_CP,Ruben,8,50,5,1080,1085,0.004608295,3600.111,1080,0.462962963
Hybridflowshop,CPLEX_CP,Ruben,9,50,5,946,947,0.001055966,3600.104,946,0.105708245
Hybridflowshop,CPLEX_CP,Ruben,10,50,5,978,978,0,304.917,977,0.102354145
Hybridflowshop,CPLEX_CP,Ruben,11,50,5,943,945,0.002116402,3600.108,943,0.212089077
Hybridflowshop,CPLEX_CP,Ruben,12,50,5,1000,1000,0,45.179,995,0.502512563
Hybridflowshop,CPLEX_CP,Ruben,13,50,5,921,935,0.014973262,3600.622,929,0.645855759
Hybridflowshop,CPLEX_CP,Ruben,14,50,5,1016,1021,0.00489716,3600.155,1016,0.492125984
Hybridflowshop,CPLEX_CP,Ruben,15,50,5,973,981,0.008154944,3600.137,977,0.409416581
Hybridflowshop,CPLEX_CP,Ruben,16,50,5,1068,1068,0,46.745,1068,0
Hybridflowshop,CPLEX_CP,Ruben,17,50,5,981,981,0,1767.745,979,0.204290092
Hybridflowshop,CPLEX_CP,Ruben,18,50,5,971,990,0.019191919,3600.099,971,1.956745623
Hybridflowshop,CPLEX_CP,Ruben,19,50,5,884,892,0.00896861,3600.127,886,0.677200903
Hybridflowshop,CPLEX_CP,Ruben,20,50,5,1060,1062,0.001883239,3600.135,1060,0.188679245
Hybridflowshop,CPLEX_CP,Ruben,21,50,5,974,975,0.001025641,3600.131,974,0.102669405
Hybridflowshop,CPLEX_CP,Ruben,22,50,5,1024,1030,0.005825243,3600.107,1024,0.5859375
Hybridflowshop,CPLEX_CP,Ruben,23,50,5,1005,1005,0,122.882,1005,0
Hybridflowshop,CPLEX_CP,Ruben,24,50,5,963,972,0.009259259,3600.146,963,0.934579439
Hybridflowshop,CPLEX_CP,Ruben,25,50,5,982,982,0,730.056,981,0.101936799
Hybridflowshop,CPLEX_CP,Ruben,26,50,5,1001,1001,0,189.398,1001,0
Hybridflowshop,CPLEX_CP,Ruben,27,50,5,1050,1057,0.006622517,3600.119,1052,0.475285171
Hybridflowshop,CPLEX_CP,Ruben,28,50,5,1065,1065,0,112.184,1065,0
Hybridflowshop,CPLEX_CP,Ruben,29,50,5,880,882,0.002267574,3600.143,880,0.227272727
Hybridflowshop,CPLEX_CP,Ruben,30,50,5,934,951,0.01787592,3600.119,938,1.385927505
Hybridflowshop,CPLEX_CP,Ruben,31,50,5,1068,1072,0.003731343,3600.131,1068,0.374531835
Hybridflowshop,CPLEX_CP,Ruben,32,50,5,970,970,0,191.16,969,0.103199174
Hybridflowshop,CPLEX_CP,Ruben,33,50,5,997,998,0.001002004,3600.134,997,0.100300903
Hybridflowshop,CPLEX_CP,Ruben,34,50,5,986,986,0,368.07,986,0
Hybridflowshop,CPLEX_CP,Ruben,35,50,5,1014,1030,0.015533981,3600.116,1015,1.477832512
Hybridflowshop,CPLEX_CP,Ruben,36,50,5,1058,1058,0,1278.928,1058,0
Hybridflowshop,CPLEX_CP,Ruben,37,50,5,1040,1049,0.0085796,3600.119,1048,0.095419847
Hybridflowshop,CPLEX_CP,Ruben,38,50,5,959,987,0.028368794,3600.138,960,2.8125
Hybridflowshop,CPLEX_CP,Ruben,39,50,5,905,913,0.008762322,3600.126,905,0.883977901
Hybridflowshop,CPLEX_CP,Ruben,40,50,5,1029,1035,0.005797101,3600.101,1030,0.485436893
Hybridflowshop,CPLEX_CP,Ruben,41,50,5,961,961,0,2281.914,961,0
Hybridflowshop,CPLEX_CP,Ruben,42,50,5,1003,1003,0,1034.081,999,0.4004004
Hybridflowshop,CPLEX_CP,Ruben,43,50,5,1026,1038,0.011560694,3600.114,1032,0.581395349
Hybridflowshop,CPLEX_CP,Ruben,44,50,5,980,983,0.003051882,3600.133,979,0.408580184
Hybridflowshop,CPLEX_CP,Ruben,45,50,5,992,992,0,1243.164,992,0
Hybridflowshop,CPLEX_CP,Ruben,46,50,5,960,960,0,80.661,960,0
Hybridflowshop,CPLEX_CP,Ruben,47,50,5,1011,1022,0.010763209,3600.109,1012,0.988142292
Hybridflowshop,CPLEX_CP,Ruben,48,50,5,1062,1062,0,754.683,1061,0.094250707
Hybridflowshop,CPLEX_CP,Ruben,49,50,5,1024,1052,0.02661597,3600.118,1024,2.734375
Hybridflowshop,CPLEX_CP,Ruben,50,50,5,1002,1011,0.008902077,3600.169,1004,0.697211155
Hybridflowshop,CPLEX_CP,Ruben,51,50,5,977,977,0,381.523,977,0
Hybridflowshop,CPLEX_CP,Ruben,52,50,5,975,975,0,423.837,975,0
Hybridflowshop,CPLEX_CP,Ruben,53,50,5,1090,1090,0,862.423,1090,0
Hybridflowshop,CPLEX_CP,Ruben,54,50,5,1035,1038,0.002890173,3600.109,1036,0.193050193
Hybridflowshop,CPLEX_CP,Ruben,55,50,5,998,1008,0.009920635,3600.098,1001,0.699300699
Hybridflowshop,CPLEX_CP,Ruben,56,50,5,936,936,0,1486.246,936,0
Hybridflowshop,CPLEX_CP,Ruben,57,50,5,918,924,0.006493506,3600.1,918,0.653594771
Hybridflowshop,CPLEX_CP,Ruben,58,50,5,1069,1071,0.001867414,3600.145,1069,0.187090739
Hybridflowshop,CPLEX_CP,Ruben,59,50,5,1070,1075,0.004651163,3600.113,1072,0.279850746
Hybridflowshop,CPLEX_CP,Ruben,60,50,5,1044,1046,0.001912046,3600.106,1045,0.09569378
Hybridflowshop,CPLEX_CP,Ruben,61,50,5,1026,1033,0.006776379,3600.131,1026,0.682261209
Hybridflowshop,CPLEX_CP,Ruben,62,50,5,988,995,0.007035176,3600.12,988,0.708502024
Hybridflowshop,CPLEX_CP,Ruben,63,50,5,980,980,0,1381.601,978,0.204498978
Hybridflowshop,CPLEX_CP,Ruben,64,50,5,1023,1023,0,40.664,1023,0
Hybridflowshop,CPLEX_CP,Ruben,65,50,5,914,914,0,2276.847,913,0.109529025
Hybridflowshop,CPLEX_CP,Ruben,66,50,5,922,954,0.033542977,3600.09,922,3.470715835
Hybridflowshop,CPLEX_CP,Ruben,67,50,5,985,985,0,215.425,984,0.101626016
Hybridflowshop,CPLEX_CP,Ruben,68,50,5,973,978,0.005112474,3600.12,974,0.410677618
Hybridflowshop,CPLEX_CP,Ruben,69,50,5,975,975,0,457.289,974,0.102669405
Hybridflowshop,CPLEX_CP,Ruben,70,50,5,934,937,0.003201708,3600.124,934,0.321199143
Hybridflowshop,CPLEX_CP,Ruben,71,50,5,1005,1008,0.00297619,3600.109,1006,0.198807157
Hybridflowshop,CPLEX_CP,Ruben,72,50,5,1032,1037,0.004821601,3600.128,1032,0.484496124
Hybridflowshop,CPLEX_CP,Ruben,73,50,5,928,950,0.023157895,3600.091,930,2.150537634
Hybridflowshop,CPLEX_CP,Ruben,74,50,5,955,968,0.013429752,3600.121,959,0.938477581
Hybridflowshop,CPLEX_CP,Ruben,75,50,5,927,931,0.004296455,3600.12,927,0.431499461
Hybridflowshop,CPLEX_CP,Ruben,76,50,5,978,998,0.02004008,3600.121,978,2.044989775
Hybridflowshop,CPLEX_CP,Ruben,77,50,5,928,934,0.006423983,3600.138,928,0.646551724
Hybridflowshop,CPLEX_CP,Ruben,78,50,5,1017,1034,0.016441006,3600.141,1017,1.671583088
Hybridflowshop,CPLEX_CP,Ruben,79,50,5,969,971,0.002059732,3600.101,970,0.103092784
Hybridflowshop,CPLEX_CP,Ruben,80,50,5,985,995,0.010050251,3600.138,985,1.015228426
Hybridflowshop,CPLEX_CP,Ruben,81,50,5,1039,1043,0.003835091,3600.13,1040,0.288461538
Hybridflowshop,CPLEX_CP,Ruben,82,50,5,1063,1075,0.011162791,3600.1,1062,1.224105461
Hybridflowshop,CPLEX_CP,Ruben,83,50,5,946,951,0.005257624,3600.122,946,0.528541226
Hybridflowshop,CPLEX_CP,Ruben,84,50,5,918,932,0.015021459,3600.126,918,1.525054466
Hybridflowshop,CPLEX_CP,Ruben,85,50,5,993,993,0,627.864,993,0
Hybridflowshop,CPLEX_CP,Ruben,86,50,5,948,959,0.011470282,3600.116,948,1.160337553
Hybridflowshop,CPLEX_CP,Ruben,87,50,5,933,935,0.002139037,3600.137,933,0.214362272
Hybridflowshop,CPLEX_CP,Ruben,88,50,5,993,1004,0.010956175,3600.123,997,0.702106319
Hybridflowshop,CPLEX_CP,Ruben,89,50,5,1122,1122,0,67.538,1122,0
Hybridflowshop,CPLEX_CP,Ruben,90,50,5,1006,1006,0,38.712,1005,0.099502488
Hybridflowshop,CPLEX_CP,Ruben,91,50,5,671,691,0.02894356,3600.112,682,1.319648094
Hybridflowshop,CPLEX_CP,Ruben,92,50,5,615,643,0.043545879,3600.127,618,4.045307443
Hybridflowshop,CPLEX_CP,Ruben,93,50,5,585,592,0.011824324,3600.105,589,0.509337861
Hybridflowshop,CPLEX_CP,Ruben,94,50,5,613,640,0.0421875,3600.104,616,3.896103896
Hybridflowshop,CPLEX_CP,Ruben,95,50,5,641,641,0,1090.438,639,0.312989045
Hybridflowshop,CPLEX_CP,Ruben,96,50,5,689,697,0.011477762,3600.116,689,1.161103048
Hybridflowshop,CPLEX_CP,Ruben,97,50,5,641,653,0.018376723,3600.141,642,1.713395639
Hybridflowshop,CPLEX_CP,Ruben,98,50,5,635,644,0.013975155,3600.095,641,0.468018721
Hybridflowshop,CPLEX_CP,Ruben,99,50,5,595,605,0.016528926,3600.09,595,1.680672269
Hybridflowshop,CPLEX_CP,Ruben,100,50,5,598,619,0.033925687,3600.158,610,1.475409836
Hybridflowshop,CPLEX_CP,Ruben,101,50,5,663,672,0.013392857,3600.116,665,1.052631579
Hybridflowshop,CPLEX_CP,Ruben,102,50,5,602,606,0.00660066,3600.134,604,0.331125828
Hybridflowshop,CPLEX_CP,Ruben,103,50,5,627,645,0.027906977,3600.132,635,1.57480315
Hybridflowshop,CPLEX_CP,Ruben,104,50,5,692,697,0.007173601,3600.104,694,0.432276657
Hybridflowshop,CPLEX_CP,Ruben,105,50,5,670,687,0.024745269,3600.114,681,0.881057269
Hybridflowshop,CPLEX_CP,Ruben,106,50,5,611,623,0.019261637,3600.083,621,0.322061192
Hybridflowshop,CPLEX_CP,Ruben,107,50,5,647,655,0.01221374,3600.151,649,0.92449923
Hybridflowshop,CPLEX_CP,Ruben,108,50,5,630,650,0.030769231,3600.123,637,2.040816327
Hybridflowshop,CPLEX_CP,Ruben,109,50,5,705,706,0.001416431,3600.089,702,0.56980057
Hybridflowshop,CPLEX_CP,Ruben,110,50,5,594,617,0.037277147,3600.095,600,2.833333333
Hybridflowshop,CPLEX_CP,Ruben,111,50,5,670,670,0,2837.585,670,0
Hybridflowshop,CPLEX_CP,Ruben,112,50,5,640,670,0.044776119,3600.127,653,2.603369066
Hybridflowshop,CPLEX_CP,Ruben,113,50,5,576,611,0.057283142,3600.104,583,4.802744425
Hybridflowshop,CPLEX_CP,Ruben,114,50,5,609,633,0.037914692,3600.121,617,2.593192869
Hybridflowshop,CPLEX_CP,Ruben,115,50,5,635,640,0.0078125,3600.116,636,0.628930818
Hybridflowshop,CPLEX_CP,Ruben,116,50,5,626,637,0.017268446,3600.125,626,1.757188498
Hybridflowshop,CPLEX_CP,Ruben,117,50,5,652,683,0.045387994,3600.128,662,3.172205438
Hybridflowshop,CPLEX_CP,Ruben,118,50,5,591,611,0.032733224,3600.109,605,0.991735537
Hybridflowshop,CPLEX_CP,Ruben,119,50,5,691,706,0.021246459,3600.141,692,2.023121387
Hybridflowshop,CPLEX_CP,Ruben,120,50,5,597,629,0.050874404,3600.108,607,3.624382208
Hybridflowshop,CPLEX_CP,Ruben,121,50,5,601,609,0.013136289,3600.115,615,-0.975609756
Hybridflowshop,CPLEX_CP,Ruben,122,50,5,619,654,0.05351682,3600.113,627,4.306220096
Hybridflowshop,CPLEX_CP,Ruben,123,50,5,632,642,0.015576324,3600.113,635,1.102362205
Hybridflowshop,CPLEX_CP,Ruben,124,50,5,620,636,0.025157233,3600.145,620,2.580645161
Hybridflowshop,CPLEX_CP,Ruben,125,50,5,606,632,0.041139241,3600.14,610,3.606557377
Hybridflowshop,CPLEX_CP,Ruben,126,50,5,640,640,0,257.735,640,0
Hybridflowshop,CPLEX_CP,Ruben,127,50,5,640,649,0.013867488,3600.136,640,1.40625
Hybridflowshop,CPLEX_CP,Ruben,128,50,5,569,578,0.015570934,3600.103,577,0.173310225
Hybridflowshop,CPLEX_CP,Ruben,129,50,5,668,682,0.020527859,3600.114,668,2.095808383
Hybridflowshop,CPLEX_CP,Ruben,130,50,5,649,664,0.022590361,3600.123,651,1.996927803
Hybridflowshop,CPLEX_CP,Ruben,131,50,5,630,669,0.058295964,3600.132,639,4.694835681
Hybridflowshop,CPLEX_CP,Ruben,132,50,5,700,712,0.016853933,3600.097,706,0.849858357
Hybridflowshop,CPLEX_CP,Ruben,133,50,5,591,610,0.031147541,3600.119,605,0.826446281
Hybridflowshop,CPLEX_CP,Ruben,134,50,5,649,676,0.039940828,3600.092,653,3.522205207
Hybridflowshop,CPLEX_CP,Ruben,135,50,5,621,625,0.0064,3600.12,621,0.644122383
Hybridflowshop,CPLEX_CP,Ruben,136,50,5,573,609,0.0591133,3600.133,581,4.819277108
Hybridflowshop,CPLEX_CP,Ruben,137,50,5,622,628,0.00955414,3600.118,622,0.964630225
Hybridflowshop,CPLEX_CP,Ruben,138,50,5,584,590,0.010169492,3600.102,588,0.340136054
Hybridflowshop,CPLEX_CP,Ruben,139,50,5,690,699,0.012875536,3600.104,694,0.720461095
Hybridflowshop,CPLEX_CP,Ruben,140,50,5,662,667,0.007496252,3600.114,662,0.755287009
Hybridflowshop,CPLEX_CP,Ruben,141,50,5,559,591,0.054145516,3600.102,564,4.787234043
Hybridflowshop,CPLEX_CP,Ruben,142,50,5,647,647,0,381.445,647,0
Hybridflowshop,CPLEX_CP,Ruben,143,50,5,719,723,0.005532503,3600.154,722,0.138504155
Hybridflowshop,CPLEX_CP,Ruben,144,50,5,609,620,0.017741935,3600.115,609,1.806239737
Hybridflowshop,CPLEX_CP,Ruben,145,50,5,683,690,0.010144928,3600.125,685,0.729927007
Hybridflowshop,CPLEX_CP,Ruben,146,50,5,582,598,0.026755853,3600.105,590,1.355932203
Hybridflowshop,CPLEX_CP,Ruben,147,50,5,610,629,0.030206677,3600.128,623,0.963081862
Hybridflowshop,CPLEX_CP,Ruben,148,50,5,738,738,0,76.961,738,0
Hybridflowshop,CPLEX_CP,Ruben,149,50,5,676,680,0.005882353,3600.118,678,0.294985251
Hybridflowshop,CPLEX_CP,Ruben,150,50,5,638,649,0.016949153,3600.133,641,1.248049922
Hybridflowshop,CPLEX_CP,Ruben,151,50,5,630,658,0.042553191,3600.117,639,2.973395931
Hybridflowshop,CPLEX_CP,Ruben,152,50,5,648,651,0.004608295,3600.126,650,0.153846154
Hybridflowshop,CPLEX_CP,Ruben,153,50,5,656,657,0.00152207,3600.167,656,0.152439024
Hybridflowshop,CPLEX_CP,Ruben,154,50,5,639,663,0.036199095,3600.118,644,2.950310559
Hybridflowshop,CPLEX_CP,Ruben,155,50,5,627,650,0.035384615,3600.114,628,3.503184713
Hybridflowshop,CPLEX_CP,Ruben,156,50,5,627,653,0.039816233,3600.124,639,2.190923318
Hybridflowshop,CPLEX_CP,Ruben,157,50,5,640,663,0.034690799,3600.111,649,2.157164869
Hybridflowshop,CPLEX_CP,Ruben,158,50,5,675,675,0,393.373,675,0
Hybridflowshop,CPLEX_CP,Ruben,159,50,5,625,632,0.011075949,3600.124,637,-0.784929356
Hybridflowshop,CPLEX_CP,Ruben,160,50,5,611,632,0.033227848,3600.117,613,3.099510604
Hybridflowshop,CPLEX_CP,Ruben,161,50,5,648,665,0.02556391,3600.124,648,2.62345679
Hybridflowshop,CPLEX_CP,Ruben,162,50,5,630,647,0.026275116,3600.088,637,1.569858713
Hybridflowshop,CPLEX_CP,Ruben,163,50,5,612,626,0.022364217,3600.09,627,-0.159489633
Hybridflowshop,CPLEX_CP,Ruben,164,50,5,563,601,0.063227953,3600.13,573,4.886561955
Hybridflowshop,CPLEX_CP,Ruben,165,50,5,575,596,0.035234899,3600.095,584,2.054794521
Hybridflowshop,CPLEX_CP,Ruben,166,50,5,608,622,0.022508039,3600.11,613,1.468189233
Hybridflowshop,CPLEX_CP,Ruben,167,50,5,598,612,0.022875817,3600.112,603,1.492537313
Hybridflowshop,CPLEX_CP,Ruben,168,50,5,636,642,0.009345794,3600.09,636,0.943396226
Hybridflowshop,CPLEX_CP,Ruben,169,50,5,652,652,0,30.231,652,0
Hybridflowshop,CPLEX_CP,Ruben,170,50,5,601,612,0.017973856,3600.112,608,0.657894737
Hybridflowshop,CPLEX_CP,Ruben,171,50,5,621,635,0.022047244,3600.117,629,0.953895072
Hybridflowshop,CPLEX_CP,Ruben,172,50,5,670,670,0,410.367,670,0
Hybridflowshop,CPLEX_CP,Ruben,173,50,5,610,619,0.01453958,3600.111,610,1.475409836
Hybridflowshop,CPLEX_CP,Ruben,174,50,5,641,644,0.004658385,3600.109,641,0.468018721
Hybridflowshop,CPLEX_CP,Ruben,175,50,5,655,672,0.025297619,3600.112,658,2.127659574
Hybridflowshop,CPLEX_CP,Ruben,176,50,5,570,607,0.060955519,3600.127,578,5.017301038
Hybridflowshop,CPLEX_CP,Ruben,177,50,5,599,613,0.022838499,3600.114,607,0.988467875
Hybridflowshop,CPLEX_CP,Ruben,178,50,5,604,627,0.036682616,3600.114,612,2.450980392
Hybridflowshop,CPLEX_CP,Ruben,179,50,5,640,658,0.027355623,3600.113,651,1.075268817
Hybridflowshop,CPLEX_CP,Ruben,180,50,5,621,631,0.015847861,3600.105,629,0.317965024
Hybridflowshop,CPLEX_CP,Ruben,181,50,10,1125,1210,0.070247934,3600.153,1125,7.555555556
Hybridflowshop,CPLEX_CP,Ruben,182,50,10,1165,1251,0.068745004,3600.174,1165,7.381974249
Hybridflowshop,CPLEX_CP,Ruben,183,50,10,1230,1319,0.06747536,3600.163,1235,6.801619433
Hybridflowshop,CPLEX_CP,Ruben,184,50,10,1275,1340,0.048507463,3600.168,1274,5.180533752
Hybridflowshop,CPLEX_CP,Ruben,185,50,10,1137,1241,0.083803384,3600.179,1143,8.573928259
Hybridflowshop,CPLEX_CP,Ruben,186,50,10,1191,1270,0.062204724,3600.169,1191,6.633081444
Hybridflowshop,CPLEX_CP,Ruben,187,50,10,1120,1231,0.090170593,3600.181,1126,9.325044405
Hybridflowshop,CPLEX_CP,Ruben,188,50,10,1215,1304,0.068251534,3600.157,1215,7.325102881
Hybridflowshop,CPLEX_CP,Ruben,189,50,10,1127,1255,0.101992032,3600.147,1145,9.6069869
Hybridflowshop,CPLEX_CP,Ruben,190,50,10,1230,1251,0.016786571,3600.166,1230,1.707317073
Hybridflowshop,CPLEX_CP,Ruben,191,50,10,1135,1244,0.087620579,3600.156,1142,8.931698774
Hybridflowshop,CPLEX_CP,Ruben,192,50,10,1200,1288,0.068322981,3600.165,1209,6.534325889
Hybridflowshop,CPLEX_CP,Ruben,193,50,10,1197,1259,0.049245433,3600.152,1197,5.179615706
Hybridflowshop,CPLEX_CP,Ruben,194,50,10,1203,1305,0.07816092,3601.003,1202,8.569051581
Hybridflowshop,CPLEX_CP,Ruben,195,50,10,1225,1282,0.044461778,3600.211,1235,3.805668016
Hybridflowshop,CPLEX_CP,Ruben,196,50,10,1193,1291,0.075910147,3600.184,1197,7.852965748
Hybridflowshop,CPLEX_CP,Ruben,197,50,10,1117,1195,0.065271967,3600.149,1123,6.411398041
Hybridflowshop,CPLEX_CP,Ruben,198,50,10,1185,1264,0.0625,3600.146,1185,6.666666667
Hybridflowshop,CPLEX_CP,Ruben,199,50,10,1183,1233,0.0405515,3600.144,1183,4.226542688
Hybridflowshop,CPLEX_CP,Ruben,200,50,10,1217,1307,0.068859985,3600.14,1226,6.60685155
Hybridflowshop,CPLEX_CP,Ruben,201,50,10,1221,1320,0.075,3600.162,1228,7.491856678
Hybridflowshop,CPLEX_CP,Ruben,202,50,10,1073,1167,0.080548415,3600.164,1073,8.760484623
Hybridflowshop,CPLEX_CP,Ruben,203,50,10,1195,1300,0.080769231,3600.177,1201,8.243130724
Hybridflowshop,CPLEX_CP,Ruben,204,50,10,1224,1271,0.036978757,3600.165,1224,3.839869281
Hybridflowshop,CPLEX_CP,Ruben,205,50,10,1235,1317,0.062262718,3600.218,1239,6.295399516
Hybridflowshop,CPLEX_CP,Ruben,206,50,10,1178,1262,0.066561014,3600.161,1181,6.858594412
Hybridflowshop,CPLEX_CP,Ruben,207,50,10,1207,1266,0.046603476,3600.168,1214,4.283360791
Hybridflowshop,CPLEX_CP,Ruben,208,50,10,1204,1316,0.085106383,3600.186,1203,9.393183707
Hybridflowshop,CPLEX_CP,Ruben,209,50,10,1250,1283,0.025720966,3600.179,1250,2.64
Hybridflowshop,CPLEX_CP,Ruben,210,50,10,1125,1191,0.055415617,3600.184,1127,5.678793256
Hybridflowshop,CPLEX_CP,Ruben,211,50,10,1137,1244,0.086012862,3600.151,1153,7.892454467
Hybridflowshop,CPLEX_CP,Ruben,212,50,10,1139,1200,0.050833333,3600.179,1139,5.355575066
Hybridflowshop,CPLEX_CP,Ruben,213,50,10,1241,1334,0.069715142,3600.178,1245,7.148594378
Hybridflowshop,CPLEX_CP,Ruben,214,50,10,1200,1288,0.068322981,3600.151,1216,5.921052632
Hybridflowshop,CPLEX_CP,Ruben,215,50,10,1275,1304,0.022239264,3600.183,1281,1.795472287
Hybridflowshop,CPLEX_CP,Ruben,216,50,10,1148,1261,0.08961142,3600.161,1153,9.366869037
Hybridflowshop,CPLEX_CP,Ruben,217,50,10,1175,1262,0.068938193,3600.155,1188,6.228956229
Hybridflowshop,CPLEX_CP,Ruben,218,50,10,1313,1349,0.026686434,3600.166,1314,2.663622527
Hybridflowshop,CPLEX_CP,Ruben,219,50,10,1165,1285,0.093385214,3600.179,1167,10.11139674
Hybridflowshop,CPLEX_CP,Ruben,220,50,10,1179,1300,0.093076923,3600.219,1188,9.427609428
Hybridflowshop,CPLEX_CP,Ruben,221,50,10,1198,1306,0.082695253,3600.164,1201,8.742714405
Hybridflowshop,CPLEX_CP,Ruben,222,50,10,1243,1294,0.039412674,3600.182,1243,4.102976669
Hybridflowshop,CPLEX_CP,Ruben,223,50,10,1234,1279,0.035183737,3600.226,1235,3.562753036
Hybridflowshop,CPLEX_CP,Ruben,224,50,10,1183,1316,0.10106383,3600.214,1183,11.24260355
Hybridflowshop,CPLEX_CP,Ruben,225,50,10,1185,1313,0.097486672,3600.146,1201,9.325562032
Hybridflowshop,CPLEX_CP,Ruben,226,50,10,1164,1276,0.087774295,3600.156,1170,9.05982906
Hybridflowshop,CPLEX_CP,Ruben,227,50,10,1278,1391,0.08123652,3600.175,1278,8.841940532
Hybridflowshop,CPLEX_CP,Ruben,228,50,10,1137,1237,0.080840744,3600.167,1144,8.129370629
Hybridflowshop,CPLEX_CP,Ruben,229,50,10,1158,1248,0.072115385,3600.164,1167,6.940874036
Hybridflowshop,CPLEX_CP,Ruben,230,50,10,1179,1258,0.062798092,3600.196,1198,5.008347245
Hybridflowshop,CPLEX_CP,Ruben,231,50,10,1079,1225,0.119183673,3600.162,1084,13.00738007
Hybridflowshop,CPLEX_CP,Ruben,232,50,10,1125,1226,0.082381729,3600.811,1126,8.880994671
Hybridflowshop,CPLEX_CP,Ruben,233,50,10,1237,1289,0.04034135,3600.164,1240,3.951612903
Hybridflowshop,CPLEX_CP,Ruben,234,50,10,1246,1340,0.070149254,3600.21,1246,7.544141252
Hybridflowshop,CPLEX_CP,Ruben,235,50,10,1184,1304,0.09202454,3600.161,1187,9.856781803
Hybridflowshop,CPLEX_CP,Ruben,236,50,10,1208,1295,0.067181467,3600.148,1208,7.201986755
Hybridflowshop,CPLEX_CP,Ruben,237,50,10,1225,1315,0.068441065,3600.161,1225,7.346938776
Hybridflowshop,CPLEX_CP,Ruben,238,50,10,1266,1315,0.037262357,3600.161,1266,3.870458136
Hybridflowshop,CPLEX_CP,Ruben,239,50,10,1189,1297,0.083269082,3600.145,1191,8.900083963
Hybridflowshop,CPLEX_CP,Ruben,240,50,10,1133,1234,0.08184765,3600.163,1142,8.056042032
Hybridflowshop,CPLEX_CP,Ruben,241,50,10,1264,1290,0.020155039,3600.176,1264,2.056962025
Hybridflowshop,CPLEX_CP,Ruben,242,50,10,1160,1329,0.127163281,3600.169,1163,14.27343078
Hybridflowshop,CPLEX_CP,Ruben,243,50,10,1191,1238,0.037964459,3600.163,1190,4.033613445
Hybridflowshop,CPLEX_CP,Ruben,244,50,10,1278,1338,0.044843049,3600.179,1278,4.694835681
Hybridflowshop,CPLEX_CP,Ruben,245,50,10,1115,1251,0.10871303,3600.156,1122,11.4973262
Hybridflowshop,CPLEX_CP,Ruben,246,50,10,1212,1312,0.076219512,3600.174,1215,7.983539095
Hybridflowshop,CPLEX_CP,Ruben,247,50,10,1221,1255,0.027091633,3600.209,1224,2.532679739
Hybridflowshop,CPLEX_CP,Ruben,248,50,10,1248,1280,0.025,3600.195,1248,2.564102564
Hybridflowshop,CPLEX_CP,Ruben,249,50,10,1125,1210,0.070247934,3600.129,1124,7.651245552
Hybridflowshop,CPLEX_CP,Ruben,250,50,10,1179,1246,0.053772071,3600.153,1179,5.682782019
Hybridflowshop,CPLEX_CP,Ruben,251,50,10,1165,1242,0.061996779,3600.482,1165,6.60944206
Hybridflowshop,CPLEX_CP,Ruben,252,50,10,1150,1237,0.070331447,3600.174,1157,6.914433881
Hybridflowshop,CPLEX_CP,Ruben,253,50,10,1211,1305,0.072030651,3600.175,1211,7.762180017
Hybridflowshop,CPLEX_CP,Ruben,254,50,10,1132,1176,0.037414966,3600.18,1132,3.886925795
Hybridflowshop,CPLEX_CP,Ruben,255,50,10,1252,1277,0.019577134,3600.144,1252,1.996805112
Hybridflowshop,CPLEX_CP,Ruben,256,50,10,1203,1287,0.065268065,3600.137,1211,6.27580512
Hybridflowshop,CPLEX_CP,Ruben,257,50,10,1167,1223,0.045789043,3600.184,1168,4.70890411
Hybridflowshop,CPLEX_CP,Ruben,258,50,10,1238,1283,0.035074045,3600.166,1238,3.634894992
Hybridflowshop,CPLEX_CP,Ruben,259,50,10,1151,1279,0.100078186,3600.196,1154,10.83188908
Hybridflowshop,CPLEX_CP,Ruben,260,50,10,1183,1262,0.062599049,3600.182,1185,6.497890295
Hybridflowshop,CPLEX_CP,Ruben,261,50,10,1259,1268,0.007097792,3600.153,1259,0.714853058
Hybridflowshop,CPLEX_CP,Ruben,262,50,10,1197,1314,0.089041096,3600.18,1197,9.77443609
Hybridflowshop,CPLEX_CP,Ruben,263,50,10,1241,1324,0.062688822,3600.154,1241,6.688154714
Hybridflowshop,CPLEX_CP,Ruben,264,50,10,1272,1316,0.03343465,3600.185,1271,3.540519276
Hybridflowshop,CPLEX_CP,Ruben,265,50,10,1294,1330,0.027067669,3600.155,1294,2.782071097
Hybridflowshop,CPLEX_CP,Ruben,266,50,10,1167,1273,0.083267871,3600.181,1167,9.083119109
Hybridflowshop,CPLEX_CP,Ruben,267,50,10,1129,1231,0.082859464,3600.191,1129,9.034543844
Hybridflowshop,CPLEX_CP,Ruben,268,50,10,1185,1292,0.082817337,3600.122,1185,9.029535865
Hybridflowshop,CPLEX_CP,Ruben,269,50,10,1147,1239,0.07425343,3600.197,1147,8.02092415
Hybridflowshop,CPLEX_CP,Ruben,270,50,10,1232,1291,0.045701007,3600.173,1237,4.365400162
Hybridflowshop,CPLEX_CP,Ruben,271,50,10,856,945,0.094179894,3600.217,864,9.375
Hybridflowshop,CPLEX_CP,Ruben,272,50,10,832,924,0.0995671,3600.175,846,9.219858156
Hybridflowshop,CPLEX_CP,Ruben,273,50,10,887,896,0.010044643,3600.159,890,0.674157303
Hybridflowshop,CPLEX_CP,Ruben,274,50,10,839,907,0.074972437,3600.113,841,7.847800238
Hybridflowshop,CPLEX_CP,Ruben,275,50,10,811,870,0.067816092,3600.152,819,6.227106227
Hybridflowshop,CPLEX_CP,Ruben,276,50,10,794,893,0.110862262,3600.154,803,11.20797011
Hybridflowshop,CPLEX_CP,Ruben,277,50,10,840,906,0.072847682,3600.168,842,7.600950119
Hybridflowshop,CPLEX_CP,Ruben,278,50,10,820,884,0.07239819,3600.165,831,6.377858002
Hybridflowshop,CPLEX_CP,Ruben,279,50,10,824,910,0.094505495,3600.159,830,9.638554217
Hybridflowshop,CPLEX_CP,Ruben,280,50,10,897,965,0.070466321,3600.155,897,7.580824972
Hybridflowshop,CPLEX_CP,Ruben,281,50,10,864,972,0.111111111,3600.15,870,11.72413793
Hybridflowshop,CPLEX_CP,Ruben,282,50,10,834,928,0.101293103,3600.16,850,9.176470588
Hybridflowshop,CPLEX_CP,Ruben,283,50,10,773,859,0.100116414,3600.169,780,10.12820513
Hybridflowshop,CPLEX_CP,Ruben,284,50,10,837,894,0.063758389,3600.185,844,5.924170616
Hybridflowshop,CPLEX_CP,Ruben,285,50,10,813,867,0.062283737,3600.174,817,6.11995104
Hybridflowshop,CPLEX_CP,Ruben,286,50,10,867,886,0.021444695,3600.15,870,1.83908046
Hybridflowshop,CPLEX_CP,Ruben,287,50,10,897,943,0.048780488,3600.153,897,5.128205128
Hybridflowshop,CPLEX_CP,Ruben,288,50,10,818,907,0.098125689,3600.152,824,10.07281553
Hybridflowshop,CPLEX_CP,Ruben,289,50,10,806,892,0.096412556,3600.139,820,8.780487805
Hybridflowshop,CPLEX_CP,Ruben,290,50,10,794,846,0.061465721,3600.183,800,5.75
Hybridflowshop,CPLEX_CP,Ruben,291,50,10,884,911,0.029637761,3600.149,891,2.244668911
Hybridflowshop,CPLEX_CP,Ruben,292,50,10,857,945,0.093121693,3600.173,874,8.123569794
Hybridflowshop,CPLEX_CP,Ruben,293,50,10,798,883,0.096262741,3600.156,801,10.2372035
Hybridflowshop,CPLEX_CP,Ruben,294,50,10,834,919,0.092491839,3600.162,844,8.886255924
Hybridflowshop,CPLEX_CP,Ruben,295,50,10,831,888,0.064189189,3600.158,835,6.347305389
Hybridflowshop,CPLEX_CP,Ruben,296,50,10,823,875,0.059428571,3600.191,825,6.060606061
Hybridflowshop,CPLEX_CP,Ruben,297,50,10,870,941,0.075451647,3600.162,874,7.66590389
Hybridflowshop,CPLEX_CP,Ruben,298,50,10,824,931,0.114930183,3600.15,829,12.3039807
Hybridflowshop,CPLEX_CP,Ruben,299,50,10,844,949,0.110642782,3600.153,866,9.584295612
Hybridflowshop,CPLEX_CP,Ruben,300,50,10,847,896,0.0546875,3600.113,851,5.287896592
Hybridflowshop,CPLEX_CP,Ruben,301,50,10,843,955,0.117277487,3600.143,843,13.28588375
Hybridflowshop,CPLEX_CP,Ruben,302,50,10,891,942,0.054140127,3600.199,894,5.369127517
Hybridflowshop,CPLEX_CP,Ruben,303,50,10,841,907,0.072767365,3600.157,841,7.847800238
Hybridflowshop,CPLEX_CP,Ruben,304,50,10,871,932,0.065450644,3600.144,881,5.788876277
Hybridflowshop,CPLEX_CP,Ruben,305,50,10,864,915,0.055737705,3600.138,865,5.780346821
Hybridflowshop,CPLEX_CP,Ruben,306,50,10,865,914,0.053610503,3600.17,874,4.576659039
Hybridflowshop,CPLEX_CP,Ruben,307,50,10,767,855,0.102923977,3600.158,776,10.18041237
Hybridflowshop,CPLEX_CP,Ruben,308,50,10,794,888,0.105855856,3600.182,794,11.83879093
Hybridflowshop,CPLEX_CP,Ruben,309,50,10,907,982,0.076374745,3600.146,915,7.322404372
Hybridflowshop,CPLEX_CP,Ruben,310,50,10,847,930,0.089247312,3600.15,861,8.013937282
Hybridflowshop,CPLEX_CP,Ruben,311,50,10,860,902,0.046563193,3600.132,864,4.398148148
Hybridflowshop,CPLEX_CP,Ruben,312,50,10,836,909,0.080308031,3600.144,842,7.957244656
Hybridflowshop,CPLEX_CP,Ruben,313,50,10,855,967,0.11582213,3600.15,871,11.02181401
Hybridflowshop,CPLEX_CP,Ruben,314,50,10,789,862,0.084686775,3600.143,813,6.027060271
Hybridflowshop,CPLEX_CP,Ruben,315,50,10,816,862,0.053364269,3600.165,824,4.611650485
Hybridflowshop,CPLEX_CP,Ruben,316,50,10,877,940,0.067021277,3600.163,891,5.499438833
Hybridflowshop,CPLEX_CP,Ruben,317,50,10,831,912,0.088815789,3600.174,844,8.056872038
Hybridflowshop,CPLEX_CP,Ruben,318,50,10,798,864,0.076388889,3600.126,808,6.930693069
Hybridflowshop,CPLEX_CP,Ruben,319,50,10,827,899,0.080088988,3600.135,834,7.793764988
Hybridflowshop,CPLEX_CP,Ruben,320,50,10,839,888,0.05518018,3600.14,846,4.964539007
Hybridflowshop,CPLEX_CP,Ruben,321,50,10,836,895,0.065921788,3600.173,841,6.420927467
Hybridflowshop,CPLEX_CP,Ruben,322,50,10,863,918,0.059912854,3600.167,881,4.199772985
Hybridflowshop,CPLEX_CP,Ruben,323,50,10,862,955,0.097382199,3600.147,870,9.770114943
Hybridflowshop,CPLEX_CP,Ruben,324,50,10,819,880,0.069318182,3600.151,830,6.024096386
Hybridflowshop,CPLEX_CP,Ruben,325,50,10,810,878,0.077448747,3600.153,813,7.995079951
Hybridflowshop,CPLEX_CP,Ruben,326,50,10,836,910,0.081318681,3600.155,853,6.682297773
Hybridflowshop,CPLEX_CP,Ruben,327,50,10,831,899,0.0756396,3600.134,838,7.279236277
Hybridflowshop,CPLEX_CP,Ruben,328,50,10,835,911,0.083424808,3600.153,844,7.938388626
Hybridflowshop,CPLEX_CP,Ruben,329,50,10,791,875,0.096,3600.16,796,9.924623116
Hybridflowshop,CPLEX_CP,Ruben,330,50,10,831,915,0.091803279,3600.166,839,9.058402861
Hybridflowshop,CPLEX_CP,Ruben,331,50,10,797,890,0.104494382,3600.147,801,11.11111111
Hybridflowshop,CPLEX_CP,Ruben,332,50,10,826,922,0.104121475,3600.16,827,11.48730351
Hybridflowshop,CPLEX_CP,Ruben,333,50,10,824,879,0.062571104,3600.181,844,4.146919431
Hybridflowshop,CPLEX_CP,Ruben,334,50,10,878,966,0.091097308,3600.145,887,8.906426156
Hybridflowshop,CPLEX_CP,Ruben,335,50,10,841,875,0.038857143,3600.183,844,3.672985782
Hybridflowshop,CPLEX_CP,Ruben,336,50,10,825,910,0.093406593,3600.163,825,10.3030303
Hybridflowshop,CPLEX_CP,Ruben,337,50,10,903,964,0.063278008,3600.169,911,5.817782656
Hybridflowshop,CPLEX_CP,Ruben,338,50,10,827,866,0.045034642,3600.13,827,4.715840387
Hybridflowshop,CPLEX_CP,Ruben,339,50,10,834,907,0.080485116,3600.157,840,7.976190476
Hybridflowshop,CPLEX_CP,Ruben,340,50,10,808,867,0.06805075,3600.205,813,6.642066421
Hybridflowshop,CPLEX_CP,Ruben,341,50,10,816,885,0.077966102,3600.162,820,7.926829268
Hybridflowshop,CPLEX_CP,Ruben,342,50,10,835,903,0.07530454,3600.128,844,6.990521327
Hybridflowshop,CPLEX_CP,Ruben,343,50,10,860,927,0.07227616,3600.146,872,6.30733945
Hybridflowshop,CPLEX_CP,Ruben,344,50,10,923,1010,0.086138614,3600.145,946,6.765327696
Hybridflowshop,CPLEX_CP,Ruben,345,50,10,876,932,0.060085837,3600.173,880,5.909090909
Hybridflowshop,CPLEX_CP,Ruben,346,50,10,774,880,0.120454545,3600.158,789,11.53358682
Hybridflowshop,CPLEX_CP,Ruben,347,50,10,838,931,0.099892589,3600.167,849,9.658421673
Hybridflowshop,CPLEX_CP,Ruben,348,50,10,883,949,0.069546891,3600.151,892,6.390134529
Hybridflowshop,CPLEX_CP,Ruben,349,50,10,865,916,0.055676856,3600.184,869,5.408515535
Hybridflowshop,CPLEX_CP,Ruben,350,50,10,865,933,0.072883173,3600.214,880,6.022727273
Hybridflowshop,CPLEX_CP,Ruben,351,50,10,783,839,0.066746126,3600.181,789,6.337135615
Hybridflowshop,CPLEX_CP,Ruben,352,50,10,857,936,0.084401709,3600.142,868,7.834101382
Hybridflowshop,CPLEX_CP,Ruben,353,50,10,857,924,0.072510823,3600.176,862,7.192575406
Hybridflowshop,CPLEX_CP,Ruben,354,50,10,846,940,0.1,3600.137,863,8.922363847
Hybridflowshop,CPLEX_CP,Ruben,355,50,10,868,925,0.061621622,3600.152,874,5.835240275
Hybridflowshop,CPLEX_CP,Ruben,356,50,10,852,919,0.072905332,3600.193,860,6.860465116
Hybridflowshop,CPLEX_CP,Ruben,357,50,10,898,947,0.051742344,3600.183,900,5.222222222
Hybridflowshop,CPLEX_CP,Ruben,358,50,10,850,903,0.058693245,3600.162,859,5.122235157
Hybridflowshop,CPLEX_CP,Ruben,359,50,10,815,905,0.099447514,3600.154,843,7.354685647
Hybridflowshop,CPLEX_CP,Ruben,360,50,10,854,905,0.056353591,3600.163,861,5.110336818
Hybridflowshop,CPLEX_CP,Ruben,361,100,5,1869,1869,0,0.936,1869,0
Hybridflowshop,CPLEX_CP,Ruben,362,100,5,1914,1914,0,117.04,1914,0
Hybridflowshop,CPLEX_CP,Ruben,363,100,5,1844,1851,0.00378174,3600.228,1850,0.054054054
Hybridflowshop,CPLEX_CP,Ruben,364,100,5,1808,1819,0.006047279,3600.206,1810,0.497237569
Hybridflowshop,CPLEX_CP,Ruben,365,100,5,1876,1876,0,2004.92,1876,0
Hybridflowshop,CPLEX_CP,Ruben,366,100,5,1895,1895,0,1556.751,1895,0
Hybridflowshop,CPLEX_CP,Ruben,367,100,5,1912,1912,0,2795.588,1912,0
Hybridflowshop,CPLEX_CP,Ruben,368,100,5,1837,1839,0.001087548,3600.193,1837,0.108873163
Hybridflowshop,CPLEX_CP,Ruben,369,100,5,1816,1835,0.010354223,3600.194,1816,1.046255507
Hybridflowshop,CPLEX_CP,Ruben,370,100,5,1886,1886,0,757.149,1885,0.053050398
Hybridflowshop,CPLEX_CP,Ruben,371,100,5,1875,1875,0,146.127,1875,0
Hybridflowshop,CPLEX_CP,Ruben,372,100,5,1897,1897,0,361.427,1895,0.105540897
Hybridflowshop,CPLEX_CP,Ruben,373,100,5,1770,1778,0.004499438,3600.182,1772,0.338600451
Hybridflowshop,CPLEX_CP,Ruben,374,100,5,1842,1844,0.001084599,3600.183,1843,0.05425936
Hybridflowshop,CPLEX_CP,Ruben,375,100,5,1719,1727,0.00463231,3600.226,1719,0.465386853
Hybridflowshop,CPLEX_CP,Ruben,376,100,5,1895,1902,0.003680336,3600.18,1895,0.36939314
Hybridflowshop,CPLEX_CP,Ruben,377,100,5,1851,1851,0,196.202,1851,0
Hybridflowshop,CPLEX_CP,Ruben,378,100,5,1924,1926,0.001038422,3600.217,1924,0.103950104
Hybridflowshop,CPLEX_CP,Ruben,379,100,5,1996,1996,0,2058.53,1996,0
Hybridflowshop,CPLEX_CP,Ruben,380,100,5,1861,1861,0,65.919,1861,0
Hybridflowshop,CPLEX_CP,Ruben,381,100,5,1846,1846,0,39.963,1846,0
Hybridflowshop,CPLEX_CP,Ruben,382,100,5,1687,1726,0.022595597,3600.209,1690,2.130177515
Hybridflowshop,CPLEX_CP,Ruben,383,100,5,1689,1691,0.001182732,3600.235,1689,0.118413262
Hybridflowshop,CPLEX_CP,Ruben,384,100,5,1812,1823,0.00603401,3600.165,1812,0.607064018
Hybridflowshop,CPLEX_CP,Ruben,385,100,5,1818,1818,0,693.431,1818,0
Hybridflowshop,CPLEX_CP,Ruben,386,100,5,1871,1871,0,317.616,1871,0
Hybridflowshop,CPLEX_CP,Ruben,387,100,5,1854,1869,0.008025682,3600.178,1854,0.809061489
Hybridflowshop,CPLEX_CP,Ruben,388,100,5,1868,1870,0.001069519,3600.179,1869,0.053504548
Hybridflowshop,CPLEX_CP,Ruben,389,100,5,1906,1913,0.003659174,3600.214,1906,0.36726128
Hybridflowshop,CPLEX_CP,Ruben,390,100,5,1806,1806,0,1953.473,1806,0
Hybridflowshop,CPLEX_CP,Ruben,391,100,5,1734,1743,0.005163511,3600.21,1734,0.519031142
Hybridflowshop,CPLEX_CP,Ruben,392,100,5,1789,1804,0.008314856,3600.206,1789,0.838457239
Hybridflowshop,CPLEX_CP,Ruben,393,100,5,1863,1866,0.001607717,3600.197,1863,0.161030596
Hybridflowshop,CPLEX_CP,Ruben,394,100,5,1923,1936,0.006714876,3600.144,1923,0.676027041
Hybridflowshop,CPLEX_CP,Ruben,395,100,5,1880,1885,0.00265252,3600.24,1881,0.212652844
Hybridflowshop,CPLEX_CP,Ruben,396,100,5,1853,1864,0.005901288,3600.191,1853,0.593631948
Hybridflowshop,CPLEX_CP,Ruben,397,100,5,1843,1843,0,1144.741,1843,0
Hybridflowshop,CPLEX_CP,Ruben,398,100,5,1792,1801,0.004997224,3600.224,1792,0.502232143
Hybridflowshop,CPLEX_CP,Ruben,399,100,5,1798,1798,0,1286.35,1798,0
Hybridflowshop,CPLEX_CP,Ruben,400,100,5,1786,1801,0.008328706,3600.19,1786,0.839865622
Hybridflowshop,CPLEX_CP,Ruben,401,100,5,1904,1904,0,139.524,1904,0
Hybridflowshop,CPLEX_CP,Ruben,402,100,5,1756,1768,0.00678733,3600.237,1760,0.454545455
Hybridflowshop,CPLEX_CP,Ruben,403,100,5,1980,1981,0.000504796,3600.173,1981,0
Hybridflowshop,CPLEX_CP,Ruben,404,100,5,1755,1756,0.000569476,3600.187,1755,0.056980057
Hybridflowshop,CPLEX_CP,Ruben,405,100,5,1853,1856,0.001616379,3600.218,1853,0.161899622
Hybridflowshop,CPLEX_CP,Ruben,406,100,5,1844,1846,0.001083424,3600.214,1844,0.10845987
Hybridflowshop,CPLEX_CP,Ruben,407,100,5,1989,1989,0,2719.586,1989,0
Hybridflowshop,CPLEX_CP,Ruben,408,100,5,1870,1870,0,74.584,1870,0
Hybridflowshop,CPLEX_CP,Ruben,409,100,5,1791,1809,0.009950249,3600.215,1792,0.948660714
Hybridflowshop,CPLEX_CP,Ruben,410,100,5,1840,1846,0.003250271,3600.768,1840,0.326086957
Hybridflowshop,CPLEX_CP,Ruben,411,100,5,1829,1829,0,137.205,1829,0
Hybridflowshop,CPLEX_CP,Ruben,412,100,5,1916,1930,0.007253886,3600.185,1923,0.364014561
Hybridflowshop,CPLEX_CP,Ruben,413,100,5,1935,1938,0.001547988,3600.191,1938,0
Hybridflowshop,CPLEX_CP,Ruben,414,100,5,1916,1932,0.008281573,3600.139,1919,0.677436165
Hybridflowshop,CPLEX_CP,Ruben,415,100,5,1860,1860,0,90.258,1857,0.161550889
Hybridflowshop,CPLEX_CP,Ruben,416,100,5,1984,1984,0,893.159,1984,0
Hybridflowshop,CPLEX_CP,Ruben,417,100,5,1867,1867,0,1306.757,1864,0.160944206
Hybridflowshop,CPLEX_CP,Ruben,418,100,5,1826,1826,0,38.486,1826,0
Hybridflowshop,CPLEX_CP,Ruben,419,100,5,1776,1776,0,2216.54,1776,0
Hybridflowshop,CPLEX_CP,Ruben,420,100,5,1766,1770,0.002259887,3600.164,1766,0.226500566
Hybridflowshop,CPLEX_CP,Ruben,421,100,5,1801,1807,0.003320421,3600.216,1803,0.221852468
Hybridflowshop,CPLEX_CP,Ruben,422,100,5,2021,2021,0,21.19,2021,0
Hybridflowshop,CPLEX_CP,Ruben,423,100,5,1779,1779,0,1395.905,1779,0
Hybridflowshop,CPLEX_CP,Ruben,424,100,5,1853,1862,0.004833512,3600.17,1853,0.485698867
Hybridflowshop,CPLEX_CP,Ruben,425,100,5,1772,1772,0,182.643,1772,0
Hybridflowshop,CPLEX_CP,Ruben,426,100,5,1903,1909,0.003143007,3600.219,1904,0.262605042
Hybridflowshop,CPLEX_CP,Ruben,427,100,5,1762,1762,0,67.19,1762,0
Hybridflowshop,CPLEX_CP,Ruben,428,100,5,1774,1782,0.004489338,3600.196,1774,0.450958286
Hybridflowshop,CPLEX_CP,Ruben,429,100,5,1792,1793,0.000557724,3600.191,1793,0
Hybridflowshop,CPLEX_CP,Ruben,430,100,5,1868,1868,0,54.23,1868,0
Hybridflowshop,CPLEX_CP,Ruben,431,100,5,1876,1879,0.001596594,3600.184,1876,0.159914712
Hybridflowshop,CPLEX_CP,Ruben,432,100,5,1909,1912,0.001569038,3600.243,1911,0.052328624
Hybridflowshop,CPLEX_CP,Ruben,433,100,5,1837,1840,0.001630435,3600.186,1837,0.163309744
Hybridflowshop,CPLEX_CP,Ruben,434,100,5,1848,1878,0.015974441,3600.158,1849,1.56841536
Hybridflowshop,CPLEX_CP,Ruben,435,100,5,1831,1831,0,1609.318,1831,0
Hybridflowshop,CPLEX_CP,Ruben,436,100,5,1829,1829,0,844.672,1829,0
Hybridflowshop,CPLEX_CP,Ruben,437,100,5,1752,1768,0.009049774,3600.229,1758,0.568828214
Hybridflowshop,CPLEX_CP,Ruben,438,100,5,1968,1968,0,2382.66,1967,0.050838841
Hybridflowshop,CPLEX_CP,Ruben,439,100,5,1836,1839,0.001631321,3600.202,1836,0.163398693
Hybridflowshop,CPLEX_CP,Ruben,440,100,5,1914,1914,0,1352.963,1914,0
Hybridflowshop,CPLEX_CP,Ruben,441,100,5,1832,1832,0,600.491,1832,0
Hybridflowshop,CPLEX_CP,Ruben,442,100,5,1728,1736,0.004608295,3600.21,1728,0.462962963
Hybridflowshop,CPLEX_CP,Ruben,443,100,5,1896,1904,0.004201681,3600.166,1896,0.421940928
Hybridflowshop,CPLEX_CP,Ruben,444,100,5,1802,1802,0,44.246,1802,0
Hybridflowshop,CPLEX_CP,Ruben,445,100,5,1862,1870,0.004278075,3600.204,1866,0.214362272
Hybridflowshop,CPLEX_CP,Ruben,446,100,5,1810,1815,0.002754821,3600.221,1810,0.276243094
Hybridflowshop,CPLEX_CP,Ruben,447,100,5,1816,1818,0.00110011,3600.222,1816,0.110132159
Hybridflowshop,CPLEX_CP,Ruben,448,100,5,1830,1834,0.002181025,3600.209,1832,0.109170306
Hybridflowshop,CPLEX_CP,Ruben,449,100,5,1781,1781,0,786.675,1781,0
Hybridflowshop,CPLEX_CP,Ruben,450,100,5,1746,1750,0.002285714,3600.16,1747,0.171722954
Hybridflowshop,CPLEX_CP,Ruben,451,100,5,1201,1209,0.006617039,3600.14,1204,0.415282392
Hybridflowshop,CPLEX_CP,Ruben,452,100,5,1225,1227,0.001629992,3600.15,1225,0.163265306
Hybridflowshop,CPLEX_CP,Ruben,453,100,5,1152,1161,0.007751938,3600.14,1157,0.345721694
Hybridflowshop,CPLEX_CP,Ruben,454,100,5,1070,1084,0.012915129,3600.173,1070,1.308411215
Hybridflowshop,CPLEX_CP,Ruben,455,100,5,1191,1202,0.009151414,3600.18,1197,0.417710944
Hybridflowshop,CPLEX_CP,Ruben,456,100,5,1110,1121,0.009812667,3600.15,1116,0.448028674
Hybridflowshop,CPLEX_CP,Ruben,457,100,5,1154,1160,0.005172414,3600.129,1154,0.519930676
Hybridflowshop,CPLEX_CP,Ruben,458,100,5,1193,1203,0.008312552,3600.203,1197,0.501253133
Hybridflowshop,CPLEX_CP,Ruben,459,100,5,1106,1114,0.007181329,3600.192,1111,0.270027003
Hybridflowshop,CPLEX_CP,Ruben,460,100,5,1111,1112,0.000899281,3600.177,1111,0.090009001
Hybridflowshop,CPLEX_CP,Ruben,461,100,5,1130,1147,0.014821273,3600.161,1140,0.614035088
Hybridflowshop,CPLEX_CP,Ruben,462,100,5,1062,1066,0.003752345,3600.22,1062,0.376647834
Hybridflowshop,CPLEX_CP,Ruben,463,100,5,1188,1188,0,3198.586,1187,0.084245998
Hybridflowshop,CPLEX_CP,Ruben,464,100,5,1091,1106,0.013562387,3600.207,1102,0.362976407
Hybridflowshop,CPLEX_CP,Ruben,465,100,5,1168,1168,0,183.154,1168,0
Hybridflowshop,CPLEX_CP,Ruben,466,100,5,1167,1174,0.005962521,3600.183,1170,0.341880342
Hybridflowshop,CPLEX_CP,Ruben,467,100,5,1155,1159,0.003451251,3600.162,1159,0
Hybridflowshop,CPLEX_CP,Ruben,468,100,5,1128,1143,0.01312336,3600.163,1137,0.527704485
Hybridflowshop,CPLEX_CP,Ruben,469,100,5,1048,1072,0.02238806,3600.221,1052,1.901140684
Hybridflowshop,CPLEX_CP,Ruben,470,100,5,1141,1141,0,1711.104,1141,0
Hybridflowshop,CPLEX_CP,Ruben,471,100,5,1132,1143,0.009623797,3600.168,1139,0.35118525
Hybridflowshop,CPLEX_CP,Ruben,472,100,5,1130,1159,0.02502157,3600.179,1135,2.114537445
Hybridflowshop,CPLEX_CP,Ruben,473,100,5,1099,1100,0.000909091,3600.167,1099,0.090991811
Hybridflowshop,CPLEX_CP,Ruben,474,100,5,1106,1106,0,225.252,1106,0
Hybridflowshop,CPLEX_CP,Ruben,475,100,5,1228,1228,0,990.018,1228,0
Hybridflowshop,CPLEX_CP,Ruben,476,100,5,1063,1077,0.012999071,3600.171,1070,0.654205607
Hybridflowshop,CPLEX_CP,Ruben,477,100,5,1135,1143,0.006999125,3600.157,1143,0
Hybridflowshop,CPLEX_CP,Ruben,478,100,5,1164,1194,0.025125628,3600.16,1174,1.703577513
Hybridflowshop,CPLEX_CP,Ruben,479,100,5,1157,1157,0,2549.902,1157,0
Hybridflowshop,CPLEX_CP,Ruben,480,100,5,1133,1139,0.005267779,3600.178,1139,0
Hybridflowshop,CPLEX_CP,Ruben,481,100,5,1101,1117,0.014324082,3600.17,1105,1.085972851
Hybridflowshop,CPLEX_CP,Ruben,482,100,5,1130,1146,0.013961606,3600.187,1142,0.350262697
Hybridflowshop,CPLEX_CP,Ruben,483,100,5,1097,1099,0.001819836,3600.162,1099,0
Hybridflowshop,CPLEX_CP,Ruben,484,100,5,1148,1155,0.006060606,3600.15,1152,0.260416667
Hybridflowshop,CPLEX_CP,Ruben,485,100,5,1091,1110,0.017117117,3600.174,1096,1.277372263
Hybridflowshop,CPLEX_CP,Ruben,486,100,5,1149,1153,0.003469211,3600.188,1151,0.173761946
Hybridflowshop,CPLEX_CP,Ruben,487,100,5,1203,1208,0.004139073,3600.18,1203,0.415627598
Hybridflowshop,CPLEX_CP,Ruben,488,100,5,1120,1131,0.009725906,3600.18,1124,0.622775801
Hybridflowshop,CPLEX_CP,Ruben,489,100,5,1238,1239,0.000807103,3600.125,1238,0.080775444
Hybridflowshop,CPLEX_CP,Ruben,490,100,5,1113,1113,0,438.318,1113,0
Hybridflowshop,CPLEX_CP,Ruben,491,100,5,1190,1203,0.010806318,3600.196,1199,0.333611343
Hybridflowshop,CPLEX_CP,Ruben,492,100,5,1110,1123,0.011576135,3600.191,1115,0.717488789
Hybridflowshop,CPLEX_CP,Ruben,493,100,5,1180,1187,0.00589722,3600.848,1185,0.168776371
Hybridflowshop,CPLEX_CP,Ruben,494,100,5,1167,1167,0,223.381,1167,0
Hybridflowshop,CPLEX_CP,Ruben,495,100,5,1128,1139,0.009657594,3600.123,1132,0.618374558
Hybridflowshop,CPLEX_CP,Ruben,496,100,5,1110,1110,0,1673.399,1110,0
Hybridflowshop,CPLEX_CP,Ruben,497,100,5,1124,1131,0.006189213,3600.156,1127,0.354924579
Hybridflowshop,CPLEX_CP,Ruben,498,100,5,1114,1122,0.007130125,3600.164,1118,0.357781753
Hybridflowshop,CPLEX_CP,Ruben,499,100,5,1189,1197,0.006683375,3600.149,1192,0.419463087
Hybridflowshop,CPLEX_CP,Ruben,500,100,5,1131,1142,0.009632224,3600.188,1134,0.705467372
Hybridflowshop,CPLEX_CP,Ruben,501,100,5,1051,1073,0.020503262,3600.243,1056,1.609848485
Hybridflowshop,CPLEX_CP,Ruben,502,100,5,1067,1080,0.012037037,3600.171,1075,0.465116279
Hybridflowshop,CPLEX_CP,Ruben,503,100,5,1130,1132,0.001766784,3600.178,1130,0.17699115
Hybridflowshop,CPLEX_CP,Ruben,504,100,5,1176,1189,0.010933558,3600.166,1178,0.933786078
Hybridflowshop,CPLEX_CP,Ruben,505,100,5,1147,1163,0.013757524,3600.135,1151,1.042571677
Hybridflowshop,CPLEX_CP,Ruben,506,100,5,1118,1126,0.007104796,3600.162,1124,0.177935943
Hybridflowshop,CPLEX_CP,Ruben,507,100,5,1177,1185,0.006751055,3600.193,1181,0.33869602
Hybridflowshop,CPLEX_CP,Ruben,508,100,5,1226,1232,0.00487013,3600.188,1231,0.081234768
Hybridflowshop,CPLEX_CP,Ruben,509,100,5,1110,1128,0.015957447,3600.208,1114,1.256732496
Hybridflowshop,CPLEX_CP,Ruben,510,100,5,1100,1102,0.001814882,3600.199,1101,0.090826521
Hybridflowshop,CPLEX_CP,Ruben,511,100,5,1135,1141,0.005258545,3600.185,1137,0.35180299
Hybridflowshop,CPLEX_CP,Ruben,512,100,5,1165,1168,0.002568493,3600.194,1166,0.171526587
Hybridflowshop,CPLEX_CP,Ruben,513,100,5,1207,1209,0.00165426,3600.174,1209,0
Hybridflowshop,CPLEX_CP,Ruben,514,100,5,1096,1096,0,3282.804,1096,0
Hybridflowshop,CPLEX_CP,Ruben,515,100,5,1160,1160,0,816.793,1160,0
Hybridflowshop,CPLEX_CP,Ruben,516,100,5,1118,1130,0.010619469,3600.184,1119,0.983020554
Hybridflowshop,CPLEX_CP,Ruben,517,100,5,1183,1183,0,338.696,1183,0
Hybridflowshop,CPLEX_CP,Ruben,518,100,5,1156,1161,0.004306632,3600.203,1160,0.086206897
Hybridflowshop,CPLEX_CP,Ruben,519,100,5,1099,1112,0.011690647,3600.182,1104,0.724637681
Hybridflowshop,CPLEX_CP,Ruben,520,100,5,1129,1136,0.006161972,3600.166,1131,0.442086649
Hybridflowshop,CPLEX_CP,Ruben,521,100,5,1080,1091,0.010082493,3600.167,1081,0.92506938
Hybridflowshop,CPLEX_CP,Ruben,522,100,5,1140,1156,0.01384083,3600.156,1142,1.22591944
Hybridflowshop,CPLEX_CP,Ruben,523,100,5,1121,1134,0.011463845,3600.18,1122,1.069518717
Hybridflowshop,CPLEX_CP,Ruben,524,100,5,1113,1116,0.002688172,3600.175,1115,0.089686099
Hybridflowshop,CPLEX_CP,Ruben,525,100,5,1158,1158,0,88.287,1157,0.086430424
Hybridflowshop,CPLEX_CP,Ruben,526,100,5,1187,1206,0.015754561,3600.145,1200,0.5
Hybridflowshop,CPLEX_CP,Ruben,527,100,5,1078,1087,0.008279669,3600.224,1086,0.092081031
Hybridflowshop,CPLEX_CP,Ruben,528,100,5,1081,1099,0.016378526,3600.173,1092,0.641025641
Hybridflowshop,CPLEX_CP,Ruben,529,100,5,1143,1157,0.012100259,3600.251,1158,-0.086355786
Hybridflowshop,CPLEX_CP,Ruben,530,100,5,1170,1180,0.008474576,3600.147,1176,0.340136054
Hybridflowshop,CPLEX_CP,Ruben,531,100,5,1207,1211,0.003303055,3600.184,1210,0.082644628
Hybridflowshop,CPLEX_CP,Ruben,532,100,5,1185,1185,0,142.454,1185,0
Hybridflowshop,CPLEX_CP,Ruben,533,100,5,1071,1072,0.000932836,3600.153,1071,0.093370682
Hybridflowshop,CPLEX_CP,Ruben,534,100,5,1205,1213,0.006595218,3600.166,1211,0.165152766
Hybridflowshop,CPLEX_CP,Ruben,535,100,5,1114,1133,0.016769638,3600.185,1126,0.621669627
Hybridflowshop,CPLEX_CP,Ruben,536,100,5,1066,1076,0.00929368,3600.191,1070,0.560747664
Hybridflowshop,CPLEX_CP,Ruben,537,100,5,1115,1123,0.007123776,3600.176,1119,0.35746202
Hybridflowshop,CPLEX_CP,Ruben,538,100,5,1118,1128,0.008865248,3600.149,1124,0.355871886
Hybridflowshop,CPLEX_CP,Ruben,539,100,5,1111,1128,0.015070922,3600.186,1118,0.894454383
Hybridflowshop,CPLEX_CP,Ruben,540,100,5,1201,1205,0.003319502,3600.176,1204,0.083056478
Hybridflowshop,CPLEX_CP,Ruben,541,100,10,2010,2185,0.080091533,3600.324,2011,8.652411735
Hybridflowshop,CPLEX_CP,Ruben,542,100,10,2030,2192,0.073905109,3600.404,2030,7.980295567
Hybridflowshop,CPLEX_CP,Ruben,543,100,10,2001,2169,0.077455048,3600.365,2008,8.017928287
Hybridflowshop,CPLEX_CP,Ruben,544,100,10,2048,2163,0.053166898,3600.422,2048,5.615234375
Hybridflowshop,CPLEX_CP,Ruben,545,100,10,2121,2143,0.010265982,3600.327,2121,1.037246582
Hybridflowshop,CPLEX_CP,Ruben,546,100,10,2016,2097,0.038626609,3600.665,2016,4.017857143
Hybridflowshop,CPLEX_CP,Ruben,547,100,10,1993,2139,0.068256194,3600.323,1997,7.110665999
Hybridflowshop,CPLEX_CP,Ruben,548,100,10,1921,2112,0.090435606,3600.335,1924,9.771309771
Hybridflowshop,CPLEX_CP,Ruben,549,100,10,2126,2236,0.049194991,3600.373,2137,4.632662611
Hybridflowshop,CPLEX_CP,Ruben,550,100,10,2038,2183,0.066422355,3600.397,2042,6.904995103
Hybridflowshop,CPLEX_CP,Ruben,551,100,10,1942,2103,0.076557299,3600.39,1942,8.290422245
Hybridflowshop,CPLEX_CP,Ruben,552,100,10,2071,2191,0.054769512,3600.374,2072,5.743243243
Hybridflowshop,CPLEX_CP,Ruben,553,100,10,2036,2135,0.046370023,3600.373,2036,4.862475442
Hybridflowshop,CPLEX_CP,Ruben,554,100,10,1955,2147,0.089427108,3600.288,1955,9.820971867
Hybridflowshop,CPLEX_CP,Ruben,555,100,10,1961,2080,0.057211538,3600.366,1964,5.906313646
Hybridflowshop,CPLEX_CP,Ruben,556,100,10,2016,2168,0.070110701,3600.33,2016,7.53968254
Hybridflowshop,CPLEX_CP,Ruben,557,100,10,2017,2131,0.053496011,3600.35,2017,5.651958354
Hybridflowshop,CPLEX_CP,Ruben,558,100,10,2016,2226,0.094339623,3600.379,2017,10.36192365
Hybridflowshop,CPLEX_CP,Ruben,559,100,10,2075,2153,0.036228518,3600.357,2077,3.659123736
Hybridflowshop,CPLEX_CP,Ruben,560,100,10,2077,2265,0.083002208,3600.304,2078,8.999037536
Hybridflowshop,CPLEX_CP,Ruben,561,100,10,2052,2150,0.045581395,3600.367,2052,4.77582846
Hybridflowshop,CPLEX_CP,Ruben,562,100,10,2143,2284,0.0617338,3600.334,2150,6.23255814
Hybridflowshop,CPLEX_CP,Ruben,563,100,10,2021,2146,0.058247903,3600.275,2022,6.132542038
Hybridflowshop,CPLEX_CP,Ruben,564,100,10,2032,2156,0.057513915,3600.355,2034,5.998033432
Hybridflowshop,CPLEX_CP,Ruben,565,100,10,2117,2247,0.057854918,3600.38,2117,6.140765234
Hybridflowshop,CPLEX_CP,Ruben,566,100,10,2159,2268,0.048059965,3600.339,2159,5.048633627
Hybridflowshop,CPLEX_CP,Ruben,567,100,10,1971,2154,0.084958217,3600.353,1977,8.952959029
Hybridflowshop,CPLEX_CP,Ruben,568,100,10,2072,2147,0.034932464,3600.318,2074,3.519768563
Hybridflowshop,CPLEX_CP,Ruben,569,100,10,2138,2229,0.040825482,3600.352,2138,4.256314312
Hybridflowshop,CPLEX_CP,Ruben,570,100,10,1993,2140,0.068691589,3600.335,1998,7.107107107
Hybridflowshop,CPLEX_CP,Ruben,571,100,10,2030,2098,0.032411821,3600.393,2031,3.298867553
Hybridflowshop,CPLEX_CP,Ruben,572,100,10,2049,2151,0.047419805,3600.358,2048,5.029296875
Hybridflowshop,CPLEX_CP,Ruben,573,100,10,2015,2150,0.062790698,3600.343,2015,6.699751861
Hybridflowshop,CPLEX_CP,Ruben,574,100,10,2065,2230,0.073991031,3600.355,2065,7.99031477
Hybridflowshop,CPLEX_CP,Ruben,575,100,10,2083,2247,0.072986204,3600.36,2086,7.718120805
Hybridflowshop,CPLEX_CP,Ruben,576,100,10,2117,2171,0.02487333,3600.36,2120,2.405660377
Hybridflowshop,CPLEX_CP,Ruben,577,100,10,2024,2135,0.051990632,3600.326,2029,5.224248398
Hybridflowshop,CPLEX_CP,Ruben,578,100,10,2156,2233,0.034482759,3600.507,2162,3.2839963
Hybridflowshop,CPLEX_CP,Ruben,579,100,10,2033,2142,0.050887021,3600.318,2033,5.361534678
Hybridflowshop,CPLEX_CP,Ruben,580,100,10,2045,2217,0.077582318,3600.339,2056,7.8307393
Hybridflowshop,CPLEX_CP,Ruben,581,100,10,2066,2202,0.061762035,3600.334,2066,6.582768635
Hybridflowshop,CPLEX_CP,Ruben,582,100,10,1969,2136,0.078183521,3600.33,1970,8.426395939
Hybridflowshop,CPLEX_CP,Ruben,583,100,10,2033,2133,0.046882325,3600.594,2033,4.918839154
Hybridflowshop,CPLEX_CP,Ruben,584,100,10,2029,2221,0.086447546,3600.379,2031,9.354997538
Hybridflowshop,CPLEX_CP,Ruben,585,100,10,1978,2123,0.068299576,3600.323,1978,7.330637007
Hybridflowshop,CPLEX_CP,Ruben,586,100,10,2001,2159,0.073182029,3600.366,2001,7.896051974
Hybridflowshop,CPLEX_CP,Ruben,587,100,10,2099,2235,0.060850112,3600.351,2098,6.530028599
Hybridflowshop,CPLEX_CP,Ruben,588,100,10,1979,2097,0.056270863,3601.001,1981,5.85562847
Hybridflowshop,CPLEX_CP,Ruben,589,100,10,1957,2104,0.06986692,3600.378,1964,7.128309572
Hybridflowshop,CPLEX_CP,Ruben,590,100,10,1993,2077,0.040442947,3600.295,1994,4.162487462
Hybridflowshop,CPLEX_CP,Ruben,591,100,10,2160,2204,0.019963702,3600.386,2160,2.037037037
Hybridflowshop,CPLEX_CP,Ruben,592,100,10,1978,2205,0.102947846,3600.34,1979,11.41990904
Hybridflowshop,CPLEX_CP,Ruben,593,100,10,2038,2148,0.051210428,3600.326,2038,5.397448479
Hybridflowshop,CPLEX_CP,Ruben,594,100,10,2033,2209,0.079674061,3600.351,2040,8.284313725
Hybridflowshop,CPLEX_CP,Ruben,595,100,10,2049,2197,0.067364588,3600.327,2049,7.223035627
Hybridflowshop,CPLEX_CP,Ruben,596,100,10,2044,2208,0.074275362,3600.385,2046,7.917888563
Hybridflowshop,CPLEX_CP,Ruben,597,100,10,2039,2139,0.046750818,3600.355,2042,4.750244858
Hybridflowshop,CPLEX_CP,Ruben,598,100,10,2035,2165,0.060046189,3600.3,2035,6.388206388
Hybridflowshop,CPLEX_CP,Ruben,599,100,10,2064,2246,0.081032947,3600.325,2066,8.712487899
Hybridflowshop,CPLEX_CP,Ruben,600,100,10,2043,2106,0.02991453,3600.389,2043,3.083700441
Hybridflowshop,CPLEX_CP,Ruben,601,100,10,1994,2253,0.114957834,3600.365,1998,12.76276276
Hybridflowshop,CPLEX_CP,Ruben,602,100,10,2132,2271,0.061206517,3600.374,2132,6.519699812
Hybridflowshop,CPLEX_CP,Ruben,603,100,10,2060,2101,0.019514517,3600.385,2060,1.990291262
Hybridflowshop,CPLEX_CP,Ruben,604,100,10,2121,2162,0.018963922,3600.384,2121,1.933050448
Hybridflowshop,CPLEX_CP,Ruben,605,100,10,2033,2165,0.060969977,3600.373,2033,6.492867683
Hybridflowshop,CPLEX_CP,Ruben,606,100,10,2014,2171,0.072316905,3600.357,2016,7.688492063
Hybridflowshop,CPLEX_CP,Ruben,607,100,10,1982,2103,0.057536852,3600.37,1985,5.944584383
Hybridflowshop,CPLEX_CP,Ruben,608,100,10,2066,2144,0.036380597,3600.354,2067,3.725205612
Hybridflowshop,CPLEX_CP,Ruben,609,100,10,1975,2160,0.085648148,3600.326,1979,9.14603335
Hybridflowshop,CPLEX_CP,Ruben,610,100,10,2048,2187,0.063557385,3600.35,2055,6.423357664
Hybridflowshop,CPLEX_CP,Ruben,611,100,10,2003,2211,0.094075079,3600.337,2006,10.21934197
Hybridflowshop,CPLEX_CP,Ruben,612,100,10,1924,2024,0.049407115,3600.387,1924,5.197505198
Hybridflowshop,CPLEX_CP,Ruben,613,100,10,2019,2133,0.053445851,3600.352,2018,5.698711596
Hybridflowshop,CPLEX_CP,Ruben,614,100,10,1965,2144,0.083488806,3600.36,1973,8.667004562
Hybridflowshop,CPLEX_CP,Ruben,615,100,10,2022,2178,0.071625344,3600.35,2022,7.715133531
Hybridflowshop,CPLEX_CP,Ruben,616,100,10,1913,2079,0.07984608,3600.291,1915,8.563968668
Hybridflowshop,CPLEX_CP,Ruben,617,100,10,1992,2098,0.050524309,3600.387,1994,5.215646941
Hybridflowshop,CPLEX_CP,Ruben,618,100,10,1847,2026,0.088351431,3600.39,1848,9.632034632
Hybridflowshop,CPLEX_CP,Ruben,619,100,10,2120,2159,0.018063918,3600.381,2123,1.695713613
Hybridflowshop,CPLEX_CP,Ruben,620,100,10,2008,2219,0.095087877,3600.343,2010,10.39800995
Hybridflowshop,CPLEX_CP,Ruben,621,100,10,1922,2001,0.03948026,3600.303,1923,4.056162246
Hybridflowshop,CPLEX_CP,Ruben,622,100,10,2057,2149,0.04281061,3600.401,2057,4.472532815
Hybridflowshop,CPLEX_CP,Ruben,623,100,10,2170,2236,0.029516995,3600.338,2169,3.088981097
Hybridflowshop,CPLEX_CP,Ruben,624,100,10,2090,2221,0.05898244,3600.363,2091,6.217120995
Hybridflowshop,CPLEX_CP,Ruben,625,100,10,2147,2147,0,3017.082,2147,0
Hybridflowshop,CPLEX_CP,Ruben,626,100,10,2121,2223,0.045883941,3600.632,2125,4.611764706
Hybridflowshop,CPLEX_CP,Ruben,627,100,10,2057,2154,0.045032498,3600.276,2061,4.512372635
Hybridflowshop,CPLEX_CP,Ruben,628,100,10,2073,2149,0.035365286,3600.334,2072,3.716216216
Hybridflowshop,CPLEX_CP,Ruben,629,100,10,2097,2208,0.050271739,3600.309,2098,5.243088656
Hybridflowshop,CPLEX_CP,Ruben,630,100,10,2007,2167,0.073834795,3600.351,2008,7.918326693
Hybridflowshop,CPLEX_CP,Ruben,631,100,10,1303,1386,0.05988456,3600.341,1308,5.963302752
Hybridflowshop,CPLEX_CP,Ruben,632,100,10,1335,1389,0.03887689,3600.354,1335,4.04494382
Hybridflowshop,CPLEX_CP,Ruben,633,100,10,1406,1458,0.035665295,3600.768,1411,3.330970943
Hybridflowshop,CPLEX_CP,Ruben,634,100,10,1397,1467,0.047716428,3600.259,1407,4.264392324
Hybridflowshop,CPLEX_CP,Ruben,635,100,10,1355,1415,0.042402827,3600.326,1360,4.044117647
Hybridflowshop,CPLEX_CP,Ruben,636,100,10,1426,1442,0.0110957,3600.26,1434,0.557880056
Hybridflowshop,CPLEX_CP,Ruben,637,100,10,1311,1430,0.083216783,3600.301,1320,8.333333333
Hybridflowshop,CPLEX_CP,Ruben,638,100,10,1375,1393,0.012921752,3600.352,1377,1.16194626
Hybridflowshop,CPLEX_CP,Ruben,639,100,10,1319,1474,0.105156038,3600.289,1329,10.91045899
Hybridflowshop,CPLEX_CP,Ruben,640,100,10,1319,1453,0.092222987,3600.24,1331,9.166040571
Hybridflowshop,CPLEX_CP,Ruben,641,100,10,1334,1418,0.059238364,3600.284,1339,5.899925317
Hybridflowshop,CPLEX_CP,Ruben,642,100,10,1303,1374,0.051673945,3600.261,1308,5.04587156
Hybridflowshop,CPLEX_CP,Ruben,643,100,10,1296,1369,0.053323594,3600.271,1296,5.632716049
Hybridflowshop,CPLEX_CP,Ruben,644,100,10,1301,1400,0.070714286,3600.298,1306,7.19754977
Hybridflowshop,CPLEX_CP,Ruben,645,100,10,1371,1447,0.05252246,3600.238,1383,4.627621114
Hybridflowshop,CPLEX_CP,Ruben,646,100,10,1343,1382,0.028219971,3600.28,1350,2.37037037
Hybridflowshop,CPLEX_CP,Ruben,647,100,10,1312,1441,0.089521166,3600.251,1317,9.415337889
Hybridflowshop,CPLEX_CP,Ruben,648,100,10,1376,1429,0.037088873,3600.305,1378,3.701015965
Hybridflowshop,CPLEX_CP,Ruben,649,100,10,1343,1474,0.088873813,3600.296,1347,9.428359317
Hybridflowshop,CPLEX_CP,Ruben,650,100,10,1394,1448,0.037292818,3600.289,1400,3.428571429
Hybridflowshop,CPLEX_CP,Ruben,651,100,10,1324,1394,0.050215208,3600.321,1326,5.128205128
Hybridflowshop,CPLEX_CP,Ruben,652,100,10,1285,1412,0.089943343,3600.318,1301,8.53189854
Hybridflowshop,CPLEX_CP,Ruben,653,100,10,1300,1381,0.05865315,3600.249,1300,6.230769231
Hybridflowshop,CPLEX_CP,Ruben,654,100,10,1420,1467,0.032038173,3600.275,1422,3.164556962
Hybridflowshop,CPLEX_CP,Ruben,655,100,10,1343,1437,0.065414057,3600.308,1350,6.444444444
Hybridflowshop,CPLEX_CP,Ruben,656,100,10,1424,1497,0.048764195,3600.578,1424,5.126404494
Hybridflowshop,CPLEX_CP,Ruben,657,100,10,1305,1388,0.059798271,3600.318,1320,5.151515152
Hybridflowshop,CPLEX_CP,Ruben,658,100,10,1390,1430,0.027972028,3600.322,1396,2.435530086
Hybridflowshop,CPLEX_CP,Ruben,659,100,10,1378,1516,0.091029024,3600.267,1379,9.934735315
Hybridflowshop,CPLEX_CP,Ruben,660,100,10,1419,1430,0.007692308,3600.283,1419,0.775193798
Hybridflowshop,CPLEX_CP,Ruben,661,100,10,1302,1405,0.073309609,3600.316,1314,6.925418569
Hybridflowshop,CPLEX_CP,Ruben,662,100,10,1334,1379,0.032632342,3600.282,1339,2.987303958
Hybridflowshop,CPLEX_CP,Ruben,663,100,10,1346,1411,0.046066619,3600.32,1352,4.363905325
Hybridflowshop,CPLEX_CP,Ruben,664,100,10,1291,1390,0.071223022,3600.348,1303,6.676899463
Hybridflowshop,CPLEX_CP,Ruben,665,100,10,1324,1412,0.062322946,3600.303,1334,5.847076462
Hybridflowshop,CPLEX_CP,Ruben,666,100,10,1350,1461,0.075975359,3600.307,1352,8.062130178
Hybridflowshop,CPLEX_CP,Ruben,667,100,10,1391,1430,0.027272727,3600.286,1401,2.069950036
Hybridflowshop,CPLEX_CP,Ruben,668,100,10,1335,1458,0.08436214,3600.26,1341,8.724832215
Hybridflowshop,CPLEX_CP,Ruben,669,100,10,1323,1434,0.077405858,3600.539,1326,8.14479638
Hybridflowshop,CPLEX_CP,Ruben,670,100,10,1361,1510,0.098675497,3600.318,1376,9.738372093
Hybridflowshop,CPLEX_CP,Ruben,671,100,10,1305,1390,0.061151079,3600.29,1316,5.623100304
Hybridflowshop,CPLEX_CP,Ruben,672,100,10,1315,1384,0.049855491,3600.28,1330,4.060150376
Hybridflowshop,CPLEX_CP,Ruben,673,100,10,1385,1434,0.034170153,3600.254,1385,3.537906137
Hybridflowshop,CPLEX_CP,Ruben,674,100,10,1289,1384,0.068641618,3600.321,1303,6.216423638
Hybridflowshop,CPLEX_CP,Ruben,675,100,10,1315,1378,0.045718433,3600.258,1318,4.552352049
Hybridflowshop,CPLEX_CP,Ruben,676,100,10,1288,1377,0.064633261,3600.302,1313,4.874333587
Hybridflowshop,CPLEX_CP,Ruben,677,100,10,1290,1399,0.077912795,3600.288,1293,8.197989172
Hybridflowshop,CPLEX_CP,Ruben,678,100,10,1269,1334,0.048725637,3600.28,1270,5.039370079
Hybridflowshop,CPLEX_CP,Ruben,679,100,10,1422,1483,0.041132839,3600.281,1428,3.851540616
Hybridflowshop,CPLEX_CP,Ruben,680,100,10,1382,1478,0.064952639,3600.388,1389,6.407487401
Hybridflowshop,CPLEX_CP,Ruben,681,100,10,1303,1405,0.072597865,3600.314,1315,6.844106464
Hybridflowshop,CPLEX_CP,Ruben,682,100,10,1371,1465,0.064163823,3600.31,1379,6.236403191
Hybridflowshop,CPLEX_CP,Ruben,683,100,10,1330,1412,0.058073654,3600.29,1338,5.53064275
Hybridflowshop,CPLEX_CP,Ruben,684,100,10,1441,1512,0.046957672,3600.29,1445,4.636678201
Hybridflowshop,CPLEX_CP,Ruben,685,100,10,1274,1336,0.046407186,3600.274,1275,4.784313725
Hybridflowshop,CPLEX_CP,Ruben,686,100,10,1378,1413,0.024769993,3600.281,1394,1.362984218
Hybridflowshop,CPLEX_CP,Ruben,687,100,10,1384,1469,0.057862491,3600.279,1394,5.380200861
Hybridflowshop,CPLEX_CP,Ruben,688,100,10,1295,1404,0.077635328,3600.268,1297,8.249807247
Hybridflowshop,CPLEX_CP,Ruben,689,100,10,1262,1383,0.087490962,3600.302,1262,9.587955626
Hybridflowshop,CPLEX_CP,Ruben,690,100,10,1285,1405,0.085409253,3600.332,1293,8.662026295
Hybridflowshop,CPLEX_CP,Ruben,691,100,10,1369,1468,0.067438692,3600.321,1369,7.23155588
Hybridflowshop,CPLEX_CP,Ruben,692,100,10,1359,1419,0.042283298,3600.323,1359,4.415011038
Hybridflowshop,CPLEX_CP,Ruben,693,100,10,1350,1436,0.059888579,3600.233,1357,5.821665438
Hybridflowshop,CPLEX_CP,Ruben,694,100,10,1363,1401,0.027123483,3600.247,1364,2.712609971
Hybridflowshop,CPLEX_CP,Ruben,695,100,10,1322,1441,0.082581541,3600.243,1334,8.020989505
Hybridflowshop,CPLEX_CP,Ruben,696,100,10,1331,1417,0.060691602,3600.339,1331,6.461307288
Hybridflowshop,CPLEX_CP,Ruben,697,100,10,1369,1440,0.049305556,3600.31,1377,4.575163399
Hybridflowshop,CPLEX_CP,Ruben,698,100,10,1388,1482,0.0634278,3600.29,1397,6.084466714
Hybridflowshop,CPLEX_CP,Ruben,699,100,10,1449,1470,0.014285714,3600.294,1459,0.753941056
Hybridflowshop,CPLEX_CP,Ruben,700,100,10,1323,1433,0.076762038,3600.322,1331,7.663410969
Hybridflowshop,CPLEX_CP,Ruben,701,100,10,1377,1473,0.065173116,3600.616,1383,6.507592191
Hybridflowshop,CPLEX_CP,Ruben,702,100,10,1261,1416,0.109463277,3600.233,1275,11.05882353
Hybridflowshop,CPLEX_CP,Ruben,703,100,10,1319,1411,0.065201984,3600.299,1325,6.490566038
Hybridflowshop,CPLEX_CP,Ruben,704,100,10,1319,1432,0.078910615,3600.306,1320,8.484848485
Hybridflowshop,CPLEX_CP,Ruben,705,100,10,1297,1426,0.090462833,3600.288,1305,9.272030651
Hybridflowshop,CPLEX_CP,Ruben,706,100,10,1313,1437,0.086290884,3600.28,1314,9.360730594
Hybridflowshop,CPLEX_CP,Ruben,707,100,10,1292,1362,0.051395007,3600.289,1292,5.417956656
Hybridflowshop,CPLEX_CP,Ruben,708,100,10,1295,1412,0.08286119,3600.267,1308,7.951070336
Hybridflowshop,CPLEX_CP,Ruben,709,100,10,1300,1420,0.084507042,3600.341,1301,9.146810146
Hybridflowshop,CPLEX_CP,Ruben,710,100,10,1408,1451,0.029634735,3600.311,1415,2.544169611
Hybridflowshop,CPLEX_CP,Ruben,711,100,10,1313,1416,0.072740113,3600.276,1328,6.626506024
Hybridflowshop,CPLEX_CP,Ruben,712,100,10,1363,1460,0.066438356,3600.295,1368,6.725146199
Hybridflowshop,CPLEX_CP,Ruben,713,100,10,1289,1341,0.038777032,3600.292,1291,3.872966692
Hybridflowshop,CPLEX_CP,Ruben,714,100,10,1333,1419,0.060606061,3600.246,1341,5.81655481
Hybridflowshop,CPLEX_CP,Ruben,715,100,10,1288,1388,0.07204611,3600.258,1293,7.347254447
Hybridflowshop,CPLEX_CP,Ruben,716,100,10,1366,1440,0.051388889,3600.301,1369,5.186267348
Hybridflowshop,CPLEX_CP,Ruben,717,100,10,1397,1434,0.025801953,3600.287,1399,2.501786991
Hybridflowshop,CPLEX_CP,Ruben,718,100,10,1326,1402,0.054208274,3600.296,1339,4.705003734
Hybridflowshop,CPLEX_CP,Ruben,719,100,10,1413,1444,0.021468144,3600.311,1419,1.761804087
Hybridflowshop,CPLEX_CP,Ruben,720,100,10,1396,1416,0.014124294,3600.31,1405,0.782918149
Hybridflowshop,CPLEX_CP,Ruben,721,150,5,2631,2661,0.011273957,3600.302,2633,1.06342575
Hybridflowshop,CPLEX_CP,Ruben,722,150,5,2671,2671,0,1548.822,2671,0
Hybridflowshop,CPLEX_CP,Ruben,723,150,5,2693,2697,0.001483129,3600.346,2695,0.074211503
Hybridflowshop,CPLEX_CP,Ruben,724,150,5,2798,2798,0,133.545,2798,0
Hybridflowshop,CPLEX_CP,Ruben,725,150,5,2705,2749,0.01600582,3600.304,2710,1.439114391
Hybridflowshop,CPLEX_CP,Ruben,726,150,5,2653,2658,0.001881114,3600.306,2655,0.11299435
Hybridflowshop,CPLEX_CP,Ruben,727,150,5,2774,2774,0,2911.37,2774,0
Hybridflowshop,CPLEX_CP,Ruben,728,150,5,2586,2591,0.001929757,3600.391,2591,0
Hybridflowshop,CPLEX_CP,Ruben,729,150,5,2675,2675,0,3591.338,2675,0
Hybridflowshop,CPLEX_CP,Ruben,730,150,5,2729,2729,0,381.326,2729,0
Hybridflowshop,CPLEX_CP,Ruben,731,150,5,2761,2771,0.003608805,3600.311,2768,0.108381503
Hybridflowshop,CPLEX_CP,Ruben,732,150,5,2780,2782,0.000718907,3600.326,2782,0
Hybridflowshop,CPLEX_CP,Ruben,733,150,5,2757,2778,0.007559395,3600.323,2762,0.579290369
Hybridflowshop,CPLEX_CP,Ruben,734,150,5,2751,2772,0.007575758,3600.272,2753,0.690156193
Hybridflowshop,CPLEX_CP,Ruben,735,150,5,2734,2737,0.001096091,3600.36,2735,0.073126143
Hybridflowshop,CPLEX_CP,Ruben,736,150,5,2614,2614,0,484.948,2613,0.038270188
Hybridflowshop,CPLEX_CP,Ruben,737,150,5,2506,2520,0.005555556,3600.35,2511,0.358422939
Hybridflowshop,CPLEX_CP,Ruben,738,150,5,2641,2641,0,2127.101,2641,0
Hybridflowshop,CPLEX_CP,Ruben,739,150,5,2613,2620,0.002671756,3600.32,2614,0.229533282
Hybridflowshop,CPLEX_CP,Ruben,740,150,5,2692,2692,0,1791.055,2692,0
Hybridflowshop,CPLEX_CP,Ruben,741,150,5,2606,2614,0.003060444,3600.28,2611,0.114898506
Hybridflowshop,CPLEX_CP,Ruben,742,150,5,2678,2681,0.001118985,3600.353,2680,0.037313433
Hybridflowshop,CPLEX_CP,Ruben,743,150,5,2589,2599,0.003847634,3600.28,2593,0.23139221
Hybridflowshop,CPLEX_CP,Ruben,744,150,5,2697,2754,0.020697168,3600.335,2699,2.037791775
Hybridflowshop,CPLEX_CP,Ruben,745,150,5,2643,2650,0.002641509,3600.364,2646,0.15117158
Hybridflowshop,CPLEX_CP,Ruben,746,150,5,2604,2611,0.002680965,3600.452,2608,0.115030675
Hybridflowshop,CPLEX_CP,Ruben,747,150,5,2898,2904,0.002066116,3600.274,2899,0.172473267
Hybridflowshop,CPLEX_CP,Ruben,748,150,5,2658,2659,0.000376081,3600.325,2659,0
Hybridflowshop,CPLEX_CP,Ruben,749,150,5,2623,2682,0.021998509,3600.419,2626,2.132520944
Hybridflowshop,CPLEX_CP,Ruben,750,150,5,2652,2681,0.010816859,3600.319,2654,1.017332329
Hybridflowshop,CPLEX_CP,Ruben,751,150,5,2750,2750,0,3497.364,2750,0
Hybridflowshop,CPLEX_CP,Ruben,752,150,5,2745,2745,0,1459.324,2745,0
Hybridflowshop,CPLEX_CP,Ruben,753,150,5,2690,2690,0,3006.885,2690,0
Hybridflowshop,CPLEX_CP,Ruben,754,150,5,2694,2694,0,3197.233,2694,0
Hybridflowshop,CPLEX_CP,Ruben,755,150,5,2647,2657,0.003763643,3600.339,2653,0.15077271
Hybridflowshop,CPLEX_CP,Ruben,756,150,5,2655,2665,0.003752345,3600.371,2657,0.301091457
Hybridflowshop,CPLEX_CP,Ruben,757,150,5,2719,2721,0.000735024,3600.334,2720,0.036764706
Hybridflowshop,CPLEX_CP,Ruben,758,150,5,2665,2675,0.003738318,3600.344,2666,0.337584396
Hybridflowshop,CPLEX_CP,Ruben,759,150,5,2810,2810,0,1192.232,2810,0
Hybridflowshop,CPLEX_CP,Ruben,760,150,5,2647,2647,0,460.057,2645,0.075614367
Hybridflowshop,CPLEX_CP,Ruben,761,150,5,2665,2672,0.00261976,3600.312,2672,0
Hybridflowshop,CPLEX_CP,Ruben,762,150,5,2495,2508,0.005183413,3600.346,2498,0.400320256
Hybridflowshop,CPLEX_CP,Ruben,763,150,5,2763,2763,0,177.844,2763,0
Hybridflowshop,CPLEX_CP,Ruben,764,150,5,2734,2744,0.003644315,3600.302,2739,0.182548375
Hybridflowshop,CPLEX_CP,Ruben,765,150,5,2628,2647,0.007177937,3600.287,2635,0.45540797
Hybridflowshop,CPLEX_CP,Ruben,766,150,5,2595,2598,0.001154734,3600.362,2596,0.077041602
Hybridflowshop,CPLEX_CP,Ruben,767,150,5,2563,2572,0.003499222,3600.336,2567,0.194779899
Hybridflowshop,CPLEX_CP,Ruben,768,150,5,2673,2702,0.010732791,3600.332,2675,1.009345794
Hybridflowshop,CPLEX_CP,Ruben,769,150,5,2806,2806,0,98.882,2806,0
Hybridflowshop,CPLEX_CP,Ruben,770,150,5,2511,2529,0.007117438,3600.331,2516,0.516693164
Hybridflowshop,CPLEX_CP,Ruben,771,150,5,2868,2868,0,158.132,2868,0
Hybridflowshop,CPLEX_CP,Ruben,772,150,5,2653,2667,0.005249344,3600.942,2655,0.451977401
Hybridflowshop,CPLEX_CP,Ruben,773,150,5,2534,2543,0.003539127,3600.315,2537,0.236499803
Hybridflowshop,CPLEX_CP,Ruben,774,150,5,2699,2703,0.001479837,3600.239,2703,0
Hybridflowshop,CPLEX_CP,Ruben,775,150,5,2739,2756,0.00616836,3600.319,2740,0.583941606
Hybridflowshop,CPLEX_CP,Ruben,776,150,5,2787,2804,0.006062767,3600.319,2790,0.501792115
Hybridflowshop,CPLEX_CP,Ruben,777,150,5,2678,2680,0.000746269,3600.331,2683,-0.111815132
Hybridflowshop,CPLEX_CP,Ruben,778,150,5,2752,2752,0,3295.93,2752,0
Hybridflowshop,CPLEX_CP,Ruben,779,150,5,2741,2741,0,846.808,2741,0
Hybridflowshop,CPLEX_CP,Ruben,780,150,5,2846,2846,0,873.092,2846,0
Hybridflowshop,CPLEX_CP,Ruben,781,150,5,2634,2640,0.002272727,3600.304,2636,0.151745068
Hybridflowshop,CPLEX_CP,Ruben,782,150,5,2727,2735,0.002925046,3600.766,2733,0.073179656
Hybridflowshop,CPLEX_CP,Ruben,783,150,5,2582,2591,0.003473562,3600.341,2582,0.348567002
Hybridflowshop,CPLEX_CP,Ruben,784,150,5,2706,2706,0,735.605,2706,0
Hybridflowshop,CPLEX_CP,Ruben,785,150,5,2840,2840,0,594.11,2840,0
Hybridflowshop,CPLEX_CP,Ruben,786,150,5,2682,2689,0.002603198,3600.325,2686,0.111690246
Hybridflowshop,CPLEX_CP,Ruben,787,150,5,2575,2578,0.001163693,3600.35,2577,0.038804812
Hybridflowshop,CPLEX_CP,Ruben,788,150,5,2664,2670,0.002247191,3600.269,2666,0.150037509
Hybridflowshop,CPLEX_CP,Ruben,789,150,5,2736,2736,0,108.659,2736,0
Hybridflowshop,CPLEX_CP,Ruben,790,150,5,2742,2746,0.001456664,3600.346,2745,0.036429872
Hybridflowshop,CPLEX_CP,Ruben,791,150,5,2689,2698,0.003335804,3600.295,2695,0.111317254
Hybridflowshop,CPLEX_CP,Ruben,792,150,5,2688,2695,0.002597403,3600.375,2689,0.223131276
Hybridflowshop,CPLEX_CP,Ruben,793,150,5,2822,2831,0.003179089,3600.419,2823,0.283386468
Hybridflowshop,CPLEX_CP,Ruben,794,150,5,2627,2642,0.005677517,3600.336,2629,0.494484595
Hybridflowshop,CPLEX_CP,Ruben,795,150,5,2626,2632,0.002279635,3600.3,2631,0.038008362
Hybridflowshop,CPLEX_CP,Ruben,796,150,5,2767,2767,0,237.936,2767,0
Hybridflowshop,CPLEX_CP,Ruben,797,150,5,2624,2652,0.010558069,3600.328,2626,0.99009901
Hybridflowshop,CPLEX_CP,Ruben,798,150,5,2631,2638,0.002653525,3600.296,2632,0.227963526
Hybridflowshop,CPLEX_CP,Ruben,799,150,5,2664,2684,0.007451565,3600.288,2665,0.712945591
Hybridflowshop,CPLEX_CP,Ruben,800,150,5,2658,2672,0.005239521,3600.974,2661,0.413378429
Hybridflowshop,CPLEX_CP,Ruben,801,150,5,2716,2716,0,1266.863,2716,0
Hybridflowshop,CPLEX_CP,Ruben,802,150,5,2601,2609,0.003066309,3600.338,2604,0.192012289
Hybridflowshop,CPLEX_CP,Ruben,803,150,5,2612,2612,0,1288.062,2612,0
Hybridflowshop,CPLEX_CP,Ruben,804,150,5,2731,2735,0.001462523,3600.411,2733,0.073179656
Hybridflowshop,CPLEX_CP,Ruben,805,150,5,2618,2623,0.001906214,3600.316,2622,0.038138825
Hybridflowshop,CPLEX_CP,Ruben,806,150,5,2605,2605,0,3324.326,2605,0
Hybridflowshop,CPLEX_CP,Ruben,807,150,5,2618,2619,0.000381825,3600.314,2618,0.038197097
Hybridflowshop,CPLEX_CP,Ruben,808,150,5,2650,2654,0.001507159,3600.34,2653,0.037693178
Hybridflowshop,CPLEX_CP,Ruben,809,150,5,2554,2572,0.006998445,3600.307,2558,0.54730258
Hybridflowshop,CPLEX_CP,Ruben,810,150,5,2705,2705,0,2702.287,2705,0
Hybridflowshop,CPLEX_CP,Ruben,811,150,5,1560,1572,0.007633588,3600.32,1564,0.511508951
Hybridflowshop,CPLEX_CP,Ruben,812,150,5,1647,1665,0.010810811,3600.27,1653,0.725952813
Hybridflowshop,CPLEX_CP,Ruben,813,150,5,1697,1710,0.007602339,3600.208,1708,0.117096019
Hybridflowshop,CPLEX_CP,Ruben,814,150,5,1663,1672,0.005382775,3600.247,1672,0
Hybridflowshop,CPLEX_CP,Ruben,815,150,5,1642,1645,0.001823708,3600.292,1643,0.121728545
Hybridflowshop,CPLEX_CP,Ruben,816,150,5,1693,1710,0.00994152,3600.213,1698,0.706713781
Hybridflowshop,CPLEX_CP,Ruben,817,150,5,1681,1681,0,1855.263,1681,0
Hybridflowshop,CPLEX_CP,Ruben,818,150,5,1704,1709,0.002925688,3600.261,1708,0.058548009
Hybridflowshop,CPLEX_CP,Ruben,819,150,5,1663,1679,0.009529482,3600.23,1669,0.599161174
Hybridflowshop,CPLEX_CP,Ruben,820,150,5,1734,1746,0.006872852,3600.299,1743,0.17211704
Hybridflowshop,CPLEX_CP,Ruben,821,150,5,1622,1632,0.006127451,3600.235,1626,0.36900369
Hybridflowshop,CPLEX_CP,Ruben,822,150,5,1600,1614,0.008674102,3600.308,1604,0.623441397
Hybridflowshop,CPLEX_CP,Ruben,823,150,5,1613,1633,0.012247397,3600.258,1622,0.678175092
Hybridflowshop,CPLEX_CP,Ruben,824,150,5,1638,1658,0.012062726,3600.238,1650,0.484848485
Hybridflowshop,CPLEX_CP,Ruben,825,150,5,1655,1671,0.009575105,3600.249,1666,0.300120048
Hybridflowshop,CPLEX_CP,Ruben,826,150,5,1616,1631,0.009196812,3600.263,1621,0.616903146
Hybridflowshop,CPLEX_CP,Ruben,827,150,5,1643,1654,0.006650544,3600.255,1649,0.303214069
Hybridflowshop,CPLEX_CP,Ruben,828,150,5,1587,1591,0.002514142,3600.23,1589,0.125865324
Hybridflowshop,CPLEX_CP,Ruben,829,150,5,1581,1608,0.016791045,3600.263,1591,1.068510371
Hybridflowshop,CPLEX_CP,Ruben,830,150,5,1691,1699,0.004708652,3600.295,1693,0.354400473
Hybridflowshop,CPLEX_CP,Ruben,831,150,5,1615,1627,0.007375538,3600.261,1621,0.370141888
Hybridflowshop,CPLEX_CP,Ruben,832,150,5,1580,1593,0.008160703,3600.281,1585,0.504731861
Hybridflowshop,CPLEX_CP,Ruben,833,150,5,1624,1645,0.012765957,3600.246,1632,0.796568627
Hybridflowshop,CPLEX_CP,Ruben,834,150,5,1645,1658,0.007840772,3600.275,1657,0.06035003
Hybridflowshop,CPLEX_CP,Ruben,835,150,5,1637,1637,0,106.279,1637,0
Hybridflowshop,CPLEX_CP,Ruben,836,150,5,1642,1654,0.007255139,3600.229,1651,0.181708056
Hybridflowshop,CPLEX_CP,Ruben,837,150,5,1617,1628,0.006756757,3600.237,1623,0.308071473
Hybridflowshop,CPLEX_CP,Ruben,838,150,5,1613,1613,0,3278.669,1613,0
Hybridflowshop,CPLEX_CP,Ruben,839,150,5,1626,1626,0,769.759,1626,0
Hybridflowshop,CPLEX_CP,Ruben,840,150,5,1635,1652,0.010290557,3600.29,1641,0.670322974
Hybridflowshop,CPLEX_CP,Ruben,841,150,5,1598,1613,0.009299442,3600.267,1606,0.435865504
Hybridflowshop,CPLEX_CP,Ruben,842,150,5,1676,1695,0.01120944,3600.259,1688,0.414691943
Hybridflowshop,CPLEX_CP,Ruben,843,150,5,1680,1680,0,767.067,1680,0
Hybridflowshop,CPLEX_CP,Ruben,844,150,5,1660,1670,0.005988024,3600.266,1669,0.059916117
Hybridflowshop,CPLEX_CP,Ruben,845,150,5,1635,1659,0.014466546,3600.308,1643,0.973828363
Hybridflowshop,CPLEX_CP,Ruben,846,150,5,1693,1718,0.014551804,3600.251,1697,1.237477902
Hybridflowshop,CPLEX_CP,Ruben,847,150,5,1697,1705,0.004692082,3600.282,1703,0.117439812
Hybridflowshop,CPLEX_CP,Ruben,848,150,5,1692,1692,0,546.693,1692,0
Hybridflowshop,CPLEX_CP,Ruben,849,150,5,1653,1653,0,1714.899,1653,0
Hybridflowshop,CPLEX_CP,Ruben,850,150,5,1632,1632,0,1352.164,1632,0
Hybridflowshop,CPLEX_CP,Ruben,851,150,5,1673,1693,0.011813349,3600.234,1687,0.355660937
Hybridflowshop,CPLEX_CP,Ruben,852,150,5,1739,1739,0,1178.16,1735,0.23054755
Hybridflowshop,CPLEX_CP,Ruben,853,150,5,1663,1669,0.003594967,3600.262,1668,0.059952038
Hybridflowshop,CPLEX_CP,Ruben,854,150,5,1709,1720,0.006395349,3600.271,1718,0.116414435
Hybridflowshop,CPLEX_CP,Ruben,855,150,5,1620,1629,0.005524862,3600.327,1629,0
Hybridflowshop,CPLEX_CP,Ruben,856,150,5,1633,1655,0.013293051,3600.249,1638,1.037851038
Hybridflowshop,CPLEX_CP,Ruben,857,150,5,1601,1614,0.008054523,3600.27,1609,0.31075202
Hybridflowshop,CPLEX_CP,Ruben,858,150,5,1654,1670,0.009580838,3600.239,1661,0.541842264
Hybridflowshop,CPLEX_CP,Ruben,859,150,5,1609,1618,0.005562423,3600.256,1617,0.061842919
Hybridflowshop,CPLEX_CP,Ruben,860,150,5,1743,1743,0,956.455,1743,0
Hybridflowshop,CPLEX_CP,Ruben,861,150,5,1504,1514,0.00660502,3600.459,1511,0.198544011
Hybridflowshop,CPLEX_CP,Ruben,862,150,5,1727,1730,0.001734104,3600.267,1729,0.0578369
Hybridflowshop,CPLEX_CP,Ruben,863,150,5,1699,1730,0.017919075,3600.278,1706,1.406799531
Hybridflowshop,CPLEX_CP,Ruben,864,150,5,1605,1614,0.005576208,3600.277,1613,0.06199628
Hybridflowshop,CPLEX_CP,Ruben,865,150,5,1617,1625,0.004923077,3600.315,1623,0.123228589
Hybridflowshop,CPLEX_CP,Ruben,866,150,5,1690,1696,0.003537736,3600.246,1693,0.177200236
Hybridflowshop,CPLEX_CP,Ruben,867,150,5,1650,1661,0.006622517,3600.242,1657,0.241400121
Hybridflowshop,CPLEX_CP,Ruben,868,150,5,1732,1732,0,143.476,1731,0.057770075
Hybridflowshop,CPLEX_CP,Ruben,869,150,5,1605,1638,0.02014652,3600.219,1612,1.612903226
Hybridflowshop,CPLEX_CP,Ruben,870,150,5,1765,1765,0,2397.093,1765,0
Hybridflowshop,CPLEX_CP,Ruben,871,150,5,1576,1591,0.009428033,3600.276,1581,0.632511069
Hybridflowshop,CPLEX_CP,Ruben,872,150,5,1650,1650,0,1697.615,1650,0
Hybridflowshop,CPLEX_CP,Ruben,873,150,5,1564,1584,0.012626263,3600.264,1568,1.020408163
Hybridflowshop,CPLEX_CP,Ruben,874,150,5,1613,1613,0,1475.206,1613,0
Hybridflowshop,CPLEX_CP,Ruben,875,150,5,1644,1644,0,164.903,1644,0
Hybridflowshop,CPLEX_CP,Ruben,876,150,5,1679,1712,0.019275701,3600.274,1686,1.542111507
Hybridflowshop,CPLEX_CP,Ruben,877,150,5,1597,1617,0.012368584,3600.312,1606,0.684931507
Hybridflowshop,CPLEX_CP,Ruben,878,150,5,1681,1690,0.005325444,3600.257,1688,0.118483412
Hybridflowshop,CPLEX_CP,Ruben,879,150,5,1589,1604,0.009351621,3600.276,1600,0.25
Hybridflowshop,CPLEX_CP,Ruben,880,150,5,1640,1659,0.011452682,3600.262,1649,0.606428138
Hybridflowshop,CPLEX_CP,Ruben,881,150,5,1590,1610,0.01242236,3600.215,1597,0.814026299
Hybridflowshop,CPLEX_CP,Ruben,882,150,5,1638,1643,0.003043214,3600.261,1642,0.06090134
Hybridflowshop,CPLEX_CP,Ruben,883,150,5,1582,1593,0.00690521,3600.329,1589,0.251730648
Hybridflowshop,CPLEX_CP,Ruben,884,150,5,1674,1702,0.016451234,3600.287,1685,1.008902077
Hybridflowshop,CPLEX_CP,Ruben,885,150,5,1597,1615,0.011145511,3600.313,1601,0.874453467
Hybridflowshop,CPLEX_CP,Ruben,886,150,5,1591,1625,0.020923077,3600.281,1600,1.5625
Hybridflowshop,CPLEX_CP,Ruben,887,150,5,1636,1642,0.00365408,3600.237,1642,0
Hybridflowshop,CPLEX_CP,Ruben,888,150,5,1591,1613,0.013639182,3600.289,1598,0.938673342
Hybridflowshop,CPLEX_CP,Ruben,889,150,5,1604,1634,0.018359853,3600.248,1628,0.368550369
Hybridflowshop,CPLEX_CP,Ruben,890,150,5,1593,1605,0.007476636,3600.275,1601,0.249843848
Hybridflowshop,CPLEX_CP,Ruben,891,150,5,1632,1632,0,671.48,1632,0
Hybridflowshop,CPLEX_CP,Ruben,892,150,5,1616,1629,0.007980356,3600.257,1621,0.493522517
Hybridflowshop,CPLEX_CP,Ruben,893,150,5,1529,1538,0.005851756,3600.23,1534,0.260756193
Hybridflowshop,CPLEX_CP,Ruben,894,150,5,1631,1650,0.011515152,3600.29,1639,0.67114094
Hybridflowshop,CPLEX_CP,Ruben,895,150,5,1623,1634,0.006731946,3600.216,1628,0.368550369
Hybridflowshop,CPLEX_CP,Ruben,896,150,5,1634,1653,0.011494253,3600.284,1636,1.039119804
Hybridflowshop,CPLEX_CP,Ruben,897,150,5,1654,1660,0.003614458,3600.249,1660,0
Hybridflowshop,CPLEX_CP,Ruben,898,150,5,1646,1663,0.010222489,3600.242,1662,0.060168472
Hybridflowshop,CPLEX_CP,Ruben,899,150,5,1583,1612,0.017990074,3600.278,1589,1.447451227
Hybridflowshop,CPLEX_CP,Ruben,900,150,5,1667,1671,0.002393776,3600.277,1671,0
Hybridflowshop,CPLEX_CP,Ruben,901,150,10,2968,3149,0.057478565,3600.522,2971,5.991248738
Hybridflowshop,CPLEX_CP,Ruben,902,150,10,2885,2994,0.036406146,3600.499,2891,3.562781045
Hybridflowshop,CPLEX_CP,Ruben,903,150,10,2900,3019,0.039417026,3600.663,2904,3.960055096
Hybridflowshop,CPLEX_CP,Ruben,904,150,10,2827,2990,0.05451505,3600.612,2830,5.653710247
Hybridflowshop,CPLEX_CP,Ruben,905,150,10,2873,3142,0.085614258,3600.628,2877,9.210983664
Hybridflowshop,CPLEX_CP,Ruben,906,150,10,2960,3147,0.059421671,3600.587,2969,5.995284608
Hybridflowshop,CPLEX_CP,Ruben,907,150,10,3041,3098,0.018398967,3600.538,3042,1.840894149
Hybridflowshop,CPLEX_CP,Ruben,908,150,10,2875,3014,0.046118115,3600.636,2881,4.616452621
Hybridflowshop,CPLEX_CP,Ruben,909,150,10,2948,3113,0.053003534,3600.531,2956,5.311231394
Hybridflowshop,CPLEX_CP,Ruben,910,150,10,2881,3024,0.04728836,3601.328,2883,4.890738814
Hybridflowshop,CPLEX_CP,Ruben,911,150,10,2742,2942,0.067980965,3600.634,2743,7.254830478
Hybridflowshop,CPLEX_CP,Ruben,912,150,10,2901,2925,0.008205128,3600.588,2904,0.723140496
Hybridflowshop,CPLEX_CP,Ruben,913,150,10,2985,3107,0.039266173,3600.594,2992,3.843582888
Hybridflowshop,CPLEX_CP,Ruben,914,150,10,2837,3025,0.06214876,3600.634,2842,6.439127375
Hybridflowshop,CPLEX_CP,Ruben,915,150,10,2881,3037,0.05136648,3600.66,2886,5.232155232
Hybridflowshop,CPLEX_CP,Ruben,916,150,10,2850,3095,0.079159935,3600.609,2860,8.216783217
Hybridflowshop,CPLEX_CP,Ruben,917,150,10,2920,3059,0.045439686,3600.626,2924,4.616963064
Hybridflowshop,CPLEX_CP,Ruben,918,150,10,2851,3094,0.078539108,3600.664,2857,8.295414771
Hybridflowshop,CPLEX_CP,Ruben,919,150,10,2867,2935,0.023168654,3600.616,2869,2.30045312
Hybridflowshop,CPLEX_CP,Ruben,920,150,10,2890,3030,0.04620462,3600.636,2894,4.699378023
Hybridflowshop,CPLEX_CP,Ruben,921,150,10,2808,3021,0.070506455,3600.778,2811,7.470651014
Hybridflowshop,CPLEX_CP,Ruben,922,150,10,2813,2986,0.05793704,3600.592,2818,5.961674947
Hybridflowshop,CPLEX_CP,Ruben,923,150,10,2988,3060,0.023529412,3600.554,2990,2.341137124
Hybridflowshop,CPLEX_CP,Ruben,924,150,10,2772,3014,0.080291971,3600.713,2780,8.417266187
Hybridflowshop,CPLEX_CP,Ruben,925,150,10,2832,3091,0.083791653,3600.59,2839,8.876364917
Hybridflowshop,CPLEX_CP,Ruben,926,150,10,2856,3101,0.079006772,3600.603,2866,8.199581298
Hybridflowshop,CPLEX_CP,Ruben,927,150,10,3103,3140,0.011783439,3600.679,3113,0.867330549
Hybridflowshop,CPLEX_CP,Ruben,928,150,10,2882,3085,0.065802269,3600.761,2886,6.895356895
Hybridflowshop,CPLEX_CP,Ruben,929,150,10,2832,3005,0.057570715,3600.612,2840,5.809859155
Hybridflowshop,CPLEX_CP,Ruben,930,150,10,2885,3019,0.044385558,3600.76,2887,4.572220298
Hybridflowshop,CPLEX_CP,Ruben,931,150,10,2970,3152,0.057741117,3600.615,2972,6.056527591
Hybridflowshop,CPLEX_CP,Ruben,932,150,10,2812,2895,0.028670121,3600.567,2813,2.915037327
Hybridflowshop,CPLEX_CP,Ruben,933,150,10,2814,2982,0.056338028,3600.619,2821,5.70719603
Hybridflowshop,CPLEX_CP,Ruben,934,150,10,2832,3036,0.067193676,3600.598,2839,6.93906305
Hybridflowshop,CPLEX_CP,Ruben,935,150,10,3123,3161,0.012021512,3600.697,3129,1.022690956
Hybridflowshop,CPLEX_CP,Ruben,936,150,10,2950,3114,0.052665382,3600.593,2951,5.523551339
Hybridflowshop,CPLEX_CP,Ruben,937,150,10,2959,2969,0.003368137,3600.619,2963,0.202497469
Hybridflowshop,CPLEX_CP,Ruben,938,150,10,2845,3052,0.067824377,3600.627,2848,7.162921348
Hybridflowshop,CPLEX_CP,Ruben,939,150,10,2901,3127,0.072273745,3600.691,2907,7.567939456
Hybridflowshop,CPLEX_CP,Ruben,940,150,10,2726,2976,0.084005376,3600.668,2736,8.771929825
Hybridflowshop,CPLEX_CP,Ruben,941,150,10,2860,3059,0.065053939,3600.647,2867,6.69689571
Hybridflowshop,CPLEX_CP,Ruben,942,150,10,2920,3077,0.051023724,3600.636,2930,5.017064846
Hybridflowshop,CPLEX_CP,Ruben,943,150,10,3002,3179,0.055677886,3600.629,3005,5.790349418
Hybridflowshop,CPLEX_CP,Ruben,944,150,10,2901,3110,0.067202572,3600.694,2908,6.946354883
Hybridflowshop,CPLEX_CP,Ruben,945,150,10,2910,3088,0.057642487,3600.741,2920,5.753424658
Hybridflowshop,CPLEX_CP,Ruben,946,150,10,2897,3111,0.068788171,3601.093,2903,7.165001722
Hybridflowshop,CPLEX_CP,Ruben,947,150,10,2868,3004,0.045272969,3600.595,2871,4.632532219
Hybridflowshop,CPLEX_CP,Ruben,948,150,10,2880,3038,0.0520079,3600.538,2882,5.412907703
Hybridflowshop,CPLEX_CP,Ruben,949,150,10,2999,3166,0.052747947,3600.687,3005,5.357737105
Hybridflowshop,CPLEX_CP,Ruben,950,150,10,2963,3092,0.041720569,3600.623,2968,4.177897574
Hybridflowshop,CPLEX_CP,Ruben,951,150,10,2929,3116,0.060012837,3600.549,2934,6.203135651
Hybridflowshop,CPLEX_CP,Ruben,952,150,10,2778,2941,0.055423325,3600.543,2783,5.677326626
Hybridflowshop,CPLEX_CP,Ruben,953,150,10,2913,2992,0.026403743,3600.568,2917,2.571134727
Hybridflowshop,CPLEX_CP,Ruben,954,150,10,2909,3190,0.088087774,3600.955,2919,9.28400137
Hybridflowshop,CPLEX_CP,Ruben,955,150,10,3020,3155,0.042789223,3600.544,3025,4.297520661
Hybridflowshop,CPLEX_CP,Ruben,956,150,10,2774,2943,0.057424397,3600.67,2780,5.863309353
Hybridflowshop,CPLEX_CP,Ruben,957,150,10,2969,3017,0.015909844,3600.65,2973,1.479986546
Hybridflowshop,CPLEX_CP,Ruben,958,150,10,2826,2949,0.041709054,3600.62,2838,3.911205074
Hybridflowshop,CPLEX_CP,Ruben,959,150,10,2813,3045,0.076190476,3600.645,2815,8.170515098
Hybridflowshop,CPLEX_CP,Ruben,960,150,10,2822,3043,0.072625698,3600.631,2829,7.564510428
Hybridflowshop,CPLEX_CP,Ruben,961,150,10,2837,2993,0.052121617,3600.578,2841,5.350228793
Hybridflowshop,CPLEX_CP,Ruben,962,150,10,2888,3122,0.074951954,3600.611,2890,8.027681661
Hybridflowshop,CPLEX_CP,Ruben,963,150,10,2881,3100,0.070645161,3600.609,2890,7.266435986
Hybridflowshop,CPLEX_CP,Ruben,964,150,10,2928,3066,0.045009785,3600.636,2931,4.60593654
Hybridflowshop,CPLEX_CP,Ruben,965,150,10,2841,2983,0.047603084,3600.763,2841,4.998240056
Hybridflowshop,CPLEX_CP,Ruben,966,150,10,2832,3050,0.07147541,3600.655,2841,7.35656459
Hybridflowshop,CPLEX_CP,Ruben,967,150,10,2773,2972,0.066958277,3600.597,2778,6.983441325
Hybridflowshop,CPLEX_CP,Ruben,968,150,10,2824,3031,0.068294292,3600.616,2832,7.026836158
Hybridflowshop,CPLEX_CP,Ruben,969,150,10,2946,3094,0.047834518,3600.618,2954,4.739336493
Hybridflowshop,CPLEX_CP,Ruben,970,150,10,3087,3110,0.007395498,3600.566,3091,0.614687803
Hybridflowshop,CPLEX_CP,Ruben,971,150,10,2942,3051,0.035725991,3600.543,2948,3.493894166
Hybridflowshop,CPLEX_CP,Ruben,972,150,10,2782,3021,0.079112877,3600.618,2790,8.279569892
Hybridflowshop,CPLEX_CP,Ruben,973,150,10,2812,2952,0.047425474,3600.662,2813,4.941343761
Hybridflowshop,CPLEX_CP,Ruben,974,150,10,2931,3061,0.042469781,3600.584,2931,4.435346298
Hybridflowshop,CPLEX_CP,Ruben,975,150,10,2819,3002,0.06095936,3600.577,2825,6.265486726
Hybridflowshop,CPLEX_CP,Ruben,976,150,10,2952,3103,0.048662585,3600.543,2958,4.901960784
Hybridflowshop,CPLEX_CP,Ruben,977,150,10,2927,3069,0.046269143,3600.554,2942,4.316791298
Hybridflowshop,CPLEX_CP,Ruben,978,150,10,2978,3112,0.043059126,3600.629,2991,4.045469743
Hybridflowshop,CPLEX_CP,Ruben,979,150,10,2777,3021,0.080767958,3600.649,2785,8.473967684
Hybridflowshop,CPLEX_CP,Ruben,980,150,10,2820,3012,0.06374502,3600.66,2823,6.695005313
Hybridflowshop,CPLEX_CP,Ruben,981,150,10,2887,3027,0.046250413,3600.567,2894,4.595715273
Hybridflowshop,CPLEX_CP,Ruben,982,150,10,2776,2952,0.059620596,3600.7,2780,6.18705036
Hybridflowshop,CPLEX_CP,Ruben,983,150,10,2799,2925,0.043076923,3600.608,2801,4.426990361
Hybridflowshop,CPLEX_CP,Ruben,984,150,10,2948,2989,0.013716962,3600.763,2953,1.219099221
Hybridflowshop,CPLEX_CP,Ruben,985,150,10,3203,3219,0.004970488,3600.607,3209,0.311623559
Hybridflowshop,CPLEX_CP,Ruben,986,150,10,3010,3146,0.043229498,3600.69,3015,4.344941957
Hybridflowshop,CPLEX_CP,Ruben,987,150,10,2739,2891,0.052576963,3600.543,2744,5.357142857
Hybridflowshop,CPLEX_CP,Ruben,988,150,10,2961,3056,0.031086387,3600.575,2966,3.034389751
Hybridflowshop,CPLEX_CP,Ruben,989,150,10,2857,3018,0.053346587,3600.578,2861,5.487591751
Hybridflowshop,CPLEX_CP,Ruben,990,150,10,2850,3047,0.064653758,3600.497,2854,6.762438683
Hybridflowshop,CPLEX_CP,Ruben,991,150,10,1881,1947,0.033898305,3600.474,1900,2.473684211
Hybridflowshop,CPLEX_CP,Ruben,992,150,10,1826,1985,0.080100756,3600.441,1836,8.11546841
Hybridflowshop,CPLEX_CP,Ruben,993,150,10,1783,1928,0.075207469,3600.458,1796,7.349665924
Hybridflowshop,CPLEX_CP,Ruben,994,150,10,1771,1930,0.08238342,3600.552,1783,8.244531688
Hybridflowshop,CPLEX_CP,Ruben,995,150,10,1864,1972,0.054766734,3600.378,1881,4.837852206
Hybridflowshop,CPLEX_CP,Ruben,996,150,10,1838,2003,0.082376435,3600.486,1851,8.211777418
Hybridflowshop,CPLEX_CP,Ruben,997,150,10,1789,1937,0.076406815,3600.491,1797,7.790762382
Hybridflowshop,CPLEX_CP,Ruben,998,150,10,1803,1992,0.094879518,3600.433,1821,9.390444811
Hybridflowshop,CPLEX_CP,Ruben,999,150,10,1889,1961,0.036715961,3600.52,1904,2.993697479
Hybridflowshop,CPLEX_CP,Ruben,1000,150,10,1911,1948,0.01899384,3600.489,1917,1.617110068
Hybridflowshop,CPLEX_CP,Ruben,1001,150,10,1876,1998,0.061061061,3600.509,1888,5.826271186
Hybridflowshop,CPLEX_CP,Ruben,1002,150,10,1794,1952,0.080942623,3600.449,1808,7.96460177
Hybridflowshop,CPLEX_CP,Ruben,1003,150,10,1774,1909,0.070717653,3600.813,1783,7.066741447
Hybridflowshop,CPLEX_CP,Ruben,1004,150,10,1856,2005,0.074314214,3600.49,1874,6.990394877
Hybridflowshop,CPLEX_CP,Ruben,1005,150,10,1756,1916,0.083507307,3600.427,1768,8.371040724
Hybridflowshop,CPLEX_CP,Ruben,1006,150,10,1792,1938,0.075335397,3600.487,1810,7.071823204
Hybridflowshop,CPLEX_CP,Ruben,1007,150,10,1785,1947,0.083204931,3600.449,1804,7.926829268
Hybridflowshop,CPLEX_CP,Ruben,1008,150,10,1863,2039,0.086316822,3600.408,1875,8.746666667
Hybridflowshop,CPLEX_CP,Ruben,1009,150,10,1880,1963,0.042282221,3600.47,1889,3.917416623
Hybridflowshop,CPLEX_CP,Ruben,1010,150,10,1862,2046,0.089931574,3600.423,1885,8.541114058
Hybridflowshop,CPLEX_CP,Ruben,1011,150,10,1798,1979,0.091460334,3600.403,1806,9.579180509
Hybridflowshop,CPLEX_CP,Ruben,1012,150,10,1873,2006,0.066301097,3600.523,1885,6.419098143
Hybridflowshop,CPLEX_CP,Ruben,1013,150,10,1856,1941,0.04379186,3600.515,1864,4.130901288
Hybridflowshop,CPLEX_CP,Ruben,1014,150,10,1920,2006,0.042871386,3600.489,1927,4.099636741
Hybridflowshop,CPLEX_CP,Ruben,1015,150,10,1769,1953,0.09421403,3600.491,1784,9.47309417
Hybridflowshop,CPLEX_CP,Ruben,1016,150,10,1832,1974,0.071935157,3600.521,1841,7.224334601
Hybridflowshop,CPLEX_CP,Ruben,1017,150,10,1753,1951,0.101486417,3600.457,1773,10.03948111
Hybridflowshop,CPLEX_CP,Ruben,1018,150,10,1849,1973,0.062848454,3600.462,1856,6.30387931
Hybridflowshop,CPLEX_CP,Ruben,1019,150,10,1844,1946,0.052415211,3600.475,1866,4.287245445
Hybridflowshop,CPLEX_CP,Ruben,1020,150,10,1828,1909,0.042430592,3600.513,1843,3.581117743
Hybridflowshop,CPLEX_CP,Ruben,1021,150,10,1839,2004,0.082335329,3600.417,1858,7.857911733
Hybridflowshop,CPLEX_CP,Ruben,1022,150,10,1907,2001,0.046976512,3600.454,1911,4.709576138
Hybridflowshop,CPLEX_CP,Ruben,1023,150,10,1842,2037,0.095729013,3600.512,1855,9.811320755
Hybridflowshop,CPLEX_CP,Ruben,1024,150,10,1851,2028,0.087278107,3600.439,1861,8.97367007
Hybridflowshop,CPLEX_CP,Ruben,1025,150,10,1819,1928,0.05653527,3600.494,1823,5.759736698
Hybridflowshop,CPLEX_CP,Ruben,1026,150,10,1812,1923,0.057722309,3600.473,1834,4.852780807
Hybridflowshop,CPLEX_CP,Ruben,1027,150,10,1828,1965,0.069720102,3600.451,1840,6.793478261
Hybridflowshop,CPLEX_CP,Ruben,1028,150,10,1898,1975,0.038987342,3600.487,1913,3.24098275
Hybridflowshop,CPLEX_CP,Ruben,1029,150,10,1797,1980,0.092424242,3600.455,1810,9.392265193
Hybridflowshop,CPLEX_CP,Ruben,1030,150,10,1884,1952,0.034836066,3600.516,1900,2.736842105
Hybridflowshop,CPLEX_CP,Ruben,1031,150,10,1798,1954,0.079836233,3600.486,1806,8.194905869
Hybridflowshop,CPLEX_CP,Ruben,1032,150,10,1891,2072,0.087355212,3600.42,1902,8.937960042
Hybridflowshop,CPLEX_CP,Ruben,1033,150,10,1822,1944,0.062757202,3600.471,1834,5.997818975
Hybridflowshop,CPLEX_CP,Ruben,1034,150,10,1821,1937,0.059886422,3600.416,1829,5.904866047
Hybridflowshop,CPLEX_CP,Ruben,1035,150,10,1796,1927,0.067981318,3600.477,1810,6.464088398
Hybridflowshop,CPLEX_CP,Ruben,1036,150,10,1854,1941,0.044822257,3600.525,1862,4.242749731
Hybridflowshop,CPLEX_CP,Ruben,1037,150,10,1816,1935,0.061498708,3600.388,1828,5.853391685
Hybridflowshop,CPLEX_CP,Ruben,1038,150,10,1818,2001,0.091454273,3600.51,1823,9.764125069
Hybridflowshop,CPLEX_CP,Ruben,1039,150,10,1833,1950,0.06,3600.431,1838,6.093579978
Hybridflowshop,CPLEX_CP,Ruben,1040,150,10,1829,1978,0.075328615,3600.482,1838,7.616974973
Hybridflowshop,CPLEX_CP,Ruben,1041,150,10,1910,1981,0.035840485,3600.496,1921,3.123373243
Hybridflowshop,CPLEX_CP,Ruben,1042,150,10,1881,2029,0.072942336,3600.503,1887,7.525172231
Hybridflowshop,CPLEX_CP,Ruben,1043,150,10,1867,1949,0.042072858,3600.486,1876,3.891257996
Hybridflowshop,CPLEX_CP,Ruben,1044,150,10,1909,1999,0.045022511,3600.485,1920,4.114583333
Hybridflowshop,CPLEX_CP,Ruben,1045,150,10,1872,1979,0.054067711,3600.445,1879,5.321979776
Hybridflowshop,CPLEX_CP,Ruben,1046,150,10,1877,1942,0.033470649,3600.466,1881,3.242955875
Hybridflowshop,CPLEX_CP,Ruben,1047,150,10,1792,1971,0.090816844,3600.486,1812,8.774834437
Hybridflowshop,CPLEX_CP,Ruben,1048,150,10,1791,1950,0.081538462,3600.407,1813,7.556536128
Hybridflowshop,CPLEX_CP,Ruben,1049,150,10,1768,1932,0.084886128,3600.537,1785,8.235294118
Hybridflowshop,CPLEX_CP,Ruben,1050,150,10,1752,1883,0.069569835,3600.518,1765,6.685552408
Hybridflowshop,CPLEX_CP,Ruben,1051,150,10,1856,2019,0.080733036,3600.368,1878,7.50798722
Hybridflowshop,CPLEX_CP,Ruben,1052,150,10,1844,1971,0.064434297,3600.436,1852,6.425485961
Hybridflowshop,CPLEX_CP,Ruben,1053,150,10,1818,1992,0.087349398,3600.484,1823,9.270433352
Hybridflowshop,CPLEX_CP,Ruben,1054,150,10,1784,1913,0.067433351,3600.53,1787,7.050923335
Hybridflowshop,CPLEX_CP,Ruben,1055,150,10,1823,1992,0.084839357,3600.486,1839,8.319738989
Hybridflowshop,CPLEX_CP,Ruben,1056,150,10,1827,1978,0.076339737,3600.446,1837,7.675557975
Hybridflowshop,CPLEX_CP,Ruben,1057,150,10,1802,1955,0.07826087,3600.463,1820,7.417582418
Hybridflowshop,CPLEX_CP,Ruben,1058,150,10,1778,1945,0.085861183,3600.475,1791,8.598548297
Hybridflowshop,CPLEX_CP,Ruben,1059,150,10,1865,1956,0.046523517,3600.498,1877,4.2088439
Hybridflowshop,CPLEX_CP,Ruben,1060,150,10,1825,1904,0.041491597,3600.613,1830,4.043715847
Hybridflowshop,CPLEX_CP,Ruben,1061,150,10,1848,1980,0.066666667,3600.484,1855,6.738544474
Hybridflowshop,CPLEX_CP,Ruben,1062,150,10,1895,2046,0.073802542,3600.485,1907,7.288935501
Hybridflowshop,CPLEX_CP,Ruben,1063,150,10,1851,1956,0.053680982,3600.474,1864,4.935622318
Hybridflowshop,CPLEX_CP,Ruben,1064,150,10,1872,2015,0.070967742,3600.462,1893,6.444796619
Hybridflowshop,CPLEX_CP,Ruben,1065,150,10,1858,1980,0.061616162,3600.575,1863,6.280193237
Hybridflowshop,CPLEX_CP,Ruben,1066,150,10,1766,1972,0.104462475,3600.452,1790,10.16759777
Hybridflowshop,CPLEX_CP,Ruben,1067,150,10,1830,1943,0.058157488,3600.466,1840,5.597826087
Hybridflowshop,CPLEX_CP,Ruben,1068,150,10,1846,2021,0.086590797,3600.421,1857,8.831448573
Hybridflowshop,CPLEX_CP,Ruben,1069,150,10,1833,1969,0.069070594,3600.48,1850,6.432432432
Hybridflowshop,CPLEX_CP,Ruben,1070,150,10,1930,1995,0.032581454,3600.467,1938,2.941176471
Hybridflowshop,CPLEX_CP,Ruben,1071,150,10,1830,1983,0.077155825,3600.443,1851,7.131280389
Hybridflowshop,CPLEX_CP,Ruben,1072,150,10,1826,1982,0.078708375,3600.474,1838,7.834602829
Hybridflowshop,CPLEX_CP,Ruben,1073,150,10,1869,1920,0.0265625,3600.501,1873,2.5093433
Hybridflowshop,CPLEX_CP,Ruben,1074,150,10,1824,2005,0.090274314,3600.645,1837,9.145345672
Hybridflowshop,CPLEX_CP,Ruben,1075,150,10,1817,1926,0.056593977,3600.463,1827,5.418719212
Hybridflowshop,CPLEX_CP,Ruben,1076,150,10,1768,1978,0.106167846,3600.424,1780,11.12359551
Hybridflowshop,CPLEX_CP,Ruben,1077,150,10,1830,2006,0.08773679,3600.59,1837,9.199782254
Hybridflowshop,CPLEX_CP,Ruben,1078,150,10,1783,1957,0.088911599,3600.406,1794,9.085841695
Hybridflowshop,CPLEX_CP,Ruben,1079,150,10,1803,1914,0.05799373,3600.496,1805,6.038781163
Hybridflowshop,CPLEX_CP,Ruben,1080,150,10,1799,1952,0.078381148,3600.427,1810,7.845303867
Hybridflowshop,CPLEX_CP,Ruben,1081,200,5,3474,3490,0.004584527,3600.452,3478,0.345025877
Hybridflowshop,CPLEX_CP,Ruben,1082,200,5,3581,3602,0.005830094,3600.533,3582,0.558347292
Hybridflowshop,CPLEX_CP,Ruben,1083,200,5,3685,3685,0,83.612,3685,0
Hybridflowshop,CPLEX_CP,Ruben,1084,200,5,3484,3484,0,1386.005,3484,0
Hybridflowshop,CPLEX_CP,Ruben,1085,200,5,3501,3508,0.001995439,3600.525,3504,0.114155251
Hybridflowshop,CPLEX_CP,Ruben,1086,200,5,3657,3657,0,319.824,3657,0
Hybridflowshop,CPLEX_CP,Ruben,1087,200,5,3427,3438,0.003199535,3600.456,3430,0.233236152
Hybridflowshop,CPLEX_CP,Ruben,1088,200,5,3382,3407,0.007337834,3600.489,3391,0.471837216
Hybridflowshop,CPLEX_CP,Ruben,1089,200,5,3596,3612,0.004429679,3600.485,3599,0.361211448
Hybridflowshop,CPLEX_CP,Ruben,1090,200,5,3440,3445,0.001451379,3600.466,3441,0.116245278
Hybridflowshop,CPLEX_CP,Ruben,1091,200,5,3549,3562,0.003649635,3600.522,3553,0.253307064
Hybridflowshop,CPLEX_CP,Ruben,1092,200,5,3459,3459,0,253.969,3459,0
Hybridflowshop,CPLEX_CP,Ruben,1093,200,5,3506,3512,0.001708428,3600.527,3507,0.142571999
Hybridflowshop,CPLEX_CP,Ruben,1094,200,5,3361,3377,0.004737933,3600.519,3361,0.476048795
Hybridflowshop,CPLEX_CP,Ruben,1095,200,5,3553,3562,0.00252667,3600.476,3556,0.168728909
Hybridflowshop,CPLEX_CP,Ruben,1096,200,5,3548,3550,0.00056338,3600.491,3549,0.028176951
Hybridflowshop,CPLEX_CP,Ruben,1097,200,5,3526,3532,0.001698754,3600.552,3529,0.085009918
Hybridflowshop,CPLEX_CP,Ruben,1098,200,5,3432,3443,0.003194888,3600.532,3437,0.174570847
Hybridflowshop,CPLEX_CP,Ruben,1099,200,5,3314,3344,0.008971292,3600.488,3315,0.874811463
Hybridflowshop,CPLEX_CP,Ruben,1100,200,5,3436,3482,0.013210798,3600.524,3439,1.250363478
Hybridflowshop,CPLEX_CP,Ruben,1101,200,5,3598,3608,0.002771619,3600.509,3600,0.222222222
Hybridflowshop,CPLEX_CP,Ruben,1102,200,5,3688,3688,0,987.134,3688,0
Hybridflowshop,CPLEX_CP,Ruben,1103,200,5,3437,3459,0.00636022,3600.351,3440,0.552325581
Hybridflowshop,CPLEX_CP,Ruben,1104,200,5,3604,3607,0.000831716,3600.501,3606,0.027731559
Hybridflowshop,CPLEX_CP,Ruben,1105,200,5,3597,3597,0,2074.967,3597,0
Hybridflowshop,CPLEX_CP,Ruben,1106,200,5,3603,3603,0,222.169,3603,0
Hybridflowshop,CPLEX_CP,Ruben,1107,200,5,3494,3497,0.000857878,3600.435,3495,0.057224607
Hybridflowshop,CPLEX_CP,Ruben,1108,200,5,3544,3552,0.002252252,3600.498,3547,0.140964195
Hybridflowshop,CPLEX_CP,Ruben,1109,200,5,3438,3442,0.001162115,3600.563,3441,0.029061319
Hybridflowshop,CPLEX_CP,Ruben,1110,200,5,3607,3613,0.00166067,3600.455,3607,0.166343222
Hybridflowshop,CPLEX_CP,Ruben,1111,200,5,3579,3583,0.001116383,3600.553,3580,0.083798883
Hybridflowshop,CPLEX_CP,Ruben,1112,200,5,3657,3658,0.000273373,3600.496,3657,0.027344818
Hybridflowshop,CPLEX_CP,Ruben,1113,200,5,3637,3637,0,2937.798,3637,0
Hybridflowshop,CPLEX_CP,Ruben,1114,200,5,3603,3603,0,27.994,3603,0
Hybridflowshop,CPLEX_CP,Ruben,1115,200,5,3474,3505,0.008844508,3600.513,3477,0.805291918
Hybridflowshop,CPLEX_CP,Ruben,1116,200,5,3520,3523,0.000851547,3600.519,3523,0
Hybridflowshop,CPLEX_CP,Ruben,1117,200,5,3652,3656,0.001094092,3600.513,3653,0.082124281
Hybridflowshop,CPLEX_CP,Ruben,1118,200,5,3492,3492,0,2613.684,3492,0
Hybridflowshop,CPLEX_CP,Ruben,1119,200,5,3565,3565,0,2040.18,3565,0
Hybridflowshop,CPLEX_CP,Ruben,1120,200,5,3471,3477,0.001725626,3600.475,3474,0.086355786
Hybridflowshop,CPLEX_CP,Ruben,1121,200,5,3474,3502,0.007995431,3600.468,3476,0.747986191
Hybridflowshop,CPLEX_CP,Ruben,1122,200,5,3405,3419,0.004094765,3600.489,3406,0.381679389
Hybridflowshop,CPLEX_CP,Ruben,1123,200,5,3497,3503,0.001712818,3600.518,3501,0.057126535
Hybridflowshop,CPLEX_CP,Ruben,1124,200,5,3607,3614,0.001936912,3600.52,3607,0.194067092
Hybridflowshop,CPLEX_CP,Ruben,1125,200,5,3473,3473,0,1861.764,3473,0
Hybridflowshop,CPLEX_CP,Ruben,1126,200,5,3447,3466,0.005481823,3600.449,3450,0.463768116
Hybridflowshop,CPLEX_CP,Ruben,1127,200,5,3536,3557,0.005903852,3600.427,3540,0.480225989
Hybridflowshop,CPLEX_CP,Ruben,1128,200,5,3597,3599,0.00055571,3600.474,3597,0.05560189
Hybridflowshop,CPLEX_CP,Ruben,1129,200,5,3553,3561,0.00224656,3600.453,3557,0.112454315
Hybridflowshop,CPLEX_CP,Ruben,1130,200,5,3529,3548,0.00535513,3600.397,3532,0.453001133
Hybridflowshop,CPLEX_CP,Ruben,1131,200,5,3493,3507,0.003992016,3600.473,3498,0.25728988
Hybridflowshop,CPLEX_CP,Ruben,1132,200,5,3560,3562,0.000561482,3600.484,3562,0
Hybridflowshop,CPLEX_CP,Ruben,1133,200,5,3444,3474,0.008635579,3600.47,3446,0.812536274
Hybridflowshop,CPLEX_CP,Ruben,1134,200,5,3629,3640,0.003021978,3600.492,3633,0.192678227
Hybridflowshop,CPLEX_CP,Ruben,1135,200,5,3639,3639,0,62.707,3639,0
Hybridflowshop,CPLEX_CP,Ruben,1136,200,5,3596,3599,0.000833565,3600.481,3597,0.05560189
Hybridflowshop,CPLEX_CP,Ruben,1137,200,5,3557,3557,0,595.368,3557,0
Hybridflowshop,CPLEX_CP,Ruben,1138,200,5,3459,3540,0.022881356,3600.737,3460,2.312138728
Hybridflowshop,CPLEX_CP,Ruben,1139,200,5,3495,3501,0.001713796,3600.435,3495,0.17167382
Hybridflowshop,CPLEX_CP,Ruben,1140,200,5,3585,3591,0.001670844,3600.385,3589,0.055725829
Hybridflowshop,CPLEX_CP,Ruben,1141,200,5,3535,3538,0.000847937,3600.518,3536,0.056561086
Hybridflowshop,CPLEX_CP,Ruben,1142,200,5,3561,3565,0.00112202,3600.473,3563,0.056132473
Hybridflowshop,CPLEX_CP,Ruben,1143,200,5,3405,3418,0.003803394,3600.464,3410,0.234604106
Hybridflowshop,CPLEX_CP,Ruben,1144,200,5,3610,3625,0.004137931,3600.514,3614,0.304371887
Hybridflowshop,CPLEX_CP,Ruben,1145,200,5,3471,3471,0,393.295,3471,0
Hybridflowshop,CPLEX_CP,Ruben,1146,200,5,3565,3574,0.002518187,3600.498,3567,0.196243342
Hybridflowshop,CPLEX_CP,Ruben,1147,200,5,3455,3455,0,30.544,3455,0
Hybridflowshop,CPLEX_CP,Ruben,1148,200,5,3532,3550,0.005070423,3600.44,3536,0.395927602
Hybridflowshop,CPLEX_CP,Ruben,1149,200,5,3629,3640,0.003021978,3600.499,3633,0.192678227
Hybridflowshop,CPLEX_CP,Ruben,1150,200,5,3374,3380,0.001775148,3600.474,3375,0.148148148
Hybridflowshop,CPLEX_CP,Ruben,1151,200,5,3518,3518,0,236.307,3518,0
Hybridflowshop,CPLEX_CP,Ruben,1152,200,5,3583,3584,0.000279018,3600.53,3583,0.027909573
Hybridflowshop,CPLEX_CP,Ruben,1153,200,5,3451,3471,0.005762028,3600.435,3454,0.492182976
Hybridflowshop,CPLEX_CP,Ruben,1154,200,5,3472,3472,0,1120.646,3472,0
Hybridflowshop,CPLEX_CP,Ruben,1155,200,5,3638,3657,0.005195515,3600.459,3642,0.411861614
Hybridflowshop,CPLEX_CP,Ruben,1156,200,5,3478,3479,0.000287439,3600.461,3479,0
Hybridflowshop,CPLEX_CP,Ruben,1157,200,5,3717,3738,0.005617978,3600.472,3720,0.483870968
Hybridflowshop,CPLEX_CP,Ruben,1158,200,5,3544,3554,0.002813731,3600.517,3548,0.169109357
Hybridflowshop,CPLEX_CP,Ruben,1159,200,5,3690,3695,0.00135318,3600.513,3694,0.027070926
Hybridflowshop,CPLEX_CP,Ruben,1160,200,5,3636,3636,0,1556.18,3636,0
Hybridflowshop,CPLEX_CP,Ruben,1161,200,5,3633,3633,0,2766.439,3633,0
Hybridflowshop,CPLEX_CP,Ruben,1162,200,5,3620,3624,0.001103753,3600.875,3624,0
Hybridflowshop,CPLEX_CP,Ruben,1163,200,5,3329,3358,0.008636093,3600.483,3330,0.840840841
Hybridflowshop,CPLEX_CP,Ruben,1164,200,5,3578,3581,0.000837755,3600.431,3580,0.027932961
Hybridflowshop,CPLEX_CP,Ruben,1165,200,5,3590,3590,0,708.247,3590,0
Hybridflowshop,CPLEX_CP,Ruben,1166,200,5,3484,3507,0.006558312,3600.498,3487,0.573558933
Hybridflowshop,CPLEX_CP,Ruben,1167,200,5,3471,3477,0.001725626,3600.435,3472,0.144009217
Hybridflowshop,CPLEX_CP,Ruben,1168,200,5,3592,3599,0.001944985,3600.426,3597,0.05560189
Hybridflowshop,CPLEX_CP,Ruben,1169,200,5,3558,3561,0.00084246,3600.482,3559,0.056195561
Hybridflowshop,CPLEX_CP,Ruben,1170,200,5,3466,3467,0.000288434,3600.508,3467,0
Hybridflowshop,CPLEX_CP,Ruben,1171,200,5,2056,2061,0.002426007,3600.328,2059,0.097134531
Hybridflowshop,CPLEX_CP,Ruben,1172,200,5,2095,2104,0.004277567,3600.347,2103,0.047551117
Hybridflowshop,CPLEX_CP,Ruben,1173,200,5,2166,2198,0.01455869,3600.355,2172,1.197053407
Hybridflowshop,CPLEX_CP,Ruben,1174,200,5,2210,2233,0.010300045,3600.422,2221,0.540297163
Hybridflowshop,CPLEX_CP,Ruben,1175,200,5,2035,2048,0.006347656,3600.346,2042,0.293829579
Hybridflowshop,CPLEX_CP,Ruben,1176,200,5,2179,2191,0.005476951,3600.419,2188,0.137111517
Hybridflowshop,CPLEX_CP,Ruben,1177,200,5,2121,2139,0.008415147,3600.408,2127,0.564174894
Hybridflowshop,CPLEX_CP,Ruben,1178,200,5,2113,2137,0.011230697,3600.357,2121,0.75436115
Hybridflowshop,CPLEX_CP,Ruben,1179,200,5,2083,2138,0.025724977,3600.312,2088,2.394636015
Hybridflowshop,CPLEX_CP,Ruben,1180,200,5,2250,2283,0.014454665,3600.404,2261,0.973020787
Hybridflowshop,CPLEX_CP,Ruben,1181,200,5,2060,2068,0.003868472,3600.287,2064,0.19379845
Hybridflowshop,CPLEX_CP,Ruben,1182,200,5,2139,2146,0.003261883,3600.413,2143,0.139990667
Hybridflowshop,CPLEX_CP,Ruben,1183,200,5,2067,2112,0.021306818,3600.4,2077,1.685122773
Hybridflowshop,CPLEX_CP,Ruben,1184,200,5,2147,2152,0.00232342,3600.409,2151,0.046490005
Hybridflowshop,CPLEX_CP,Ruben,1185,200,5,2127,2143,0.007466169,3600.37,2132,0.515947467
Hybridflowshop,CPLEX_CP,Ruben,1186,200,5,2073,2097,0.011444921,3600.354,2081,0.768861124
Hybridflowshop,CPLEX_CP,Ruben,1187,200,5,2100,2112,0.005681818,3600.333,2111,0.047370914
Hybridflowshop,CPLEX_CP,Ruben,1188,200,5,2140,2157,0.007881317,3600.371,2148,0.418994413
Hybridflowshop,CPLEX_CP,Ruben,1189,200,5,2137,2144,0.003264925,3600.371,2144,0
Hybridflowshop,CPLEX_CP,Ruben,1190,200,5,2167,2167,0,619.487,2167,0
Hybridflowshop,CPLEX_CP,Ruben,1191,200,5,2160,2201,0.018627896,3600.507,2166,1.61588181
Hybridflowshop,CPLEX_CP,Ruben,1192,200,5,2111,2117,0.002834199,3600.397,2114,0.141911069
Hybridflowshop,CPLEX_CP,Ruben,1193,200,5,2208,2212,0.001808318,3600.349,2212,0
Hybridflowshop,CPLEX_CP,Ruben,1194,200,5,2111,2130,0.008920188,3600.37,2121,0.424328147
Hybridflowshop,CPLEX_CP,Ruben,1195,200,5,2175,2187,0.005486968,3600.382,2184,0.137362637
Hybridflowshop,CPLEX_CP,Ruben,1196,200,5,2127,2135,0.003747073,3600.375,2130,0.234741784
Hybridflowshop,CPLEX_CP,Ruben,1197,200,5,2117,2132,0.007035647,3600.428,2123,0.423928403
Hybridflowshop,CPLEX_CP,Ruben,1198,200,5,2166,2172,0.002762431,3600.317,2171,0.046061723
Hybridflowshop,CPLEX_CP,Ruben,1199,200,5,2173,2206,0.014959202,3600.384,2181,1.146263182
Hybridflowshop,CPLEX_CP,Ruben,1200,200,5,2182,2186,0.001829826,3600.392,2186,0
Hybridflowshop,CPLEX_CP,Ruben,1201,200,5,2151,2151,0,1514.602,2150,0.046511628
Hybridflowshop,CPLEX_CP,Ruben,1202,200,5,2113,2132,0.00891182,3600.382,2118,0.661000944
Hybridflowshop,CPLEX_CP,Ruben,1203,200,5,2117,2135,0.008430913,3600.368,2123,0.565237871
Hybridflowshop,CPLEX_CP,Ruben,1204,200,5,2068,2075,0.003373494,3600.311,2072,0.144787645
Hybridflowshop,CPLEX_CP,Ruben,1205,200,5,2065,2094,0.013849093,3600.313,2069,1.208313195
Hybridflowshop,CPLEX_CP,Ruben,1206,200,5,2063,2086,0.011025887,3600.332,2073,0.627110468
Hybridflowshop,CPLEX_CP,Ruben,1207,200,5,2167,2179,0.005507113,3600.326,2176,0.137867647
Hybridflowshop,CPLEX_CP,Ruben,1208,200,5,2221,2244,0.010249554,3600.354,2226,0.808625337
Hybridflowshop,CPLEX_CP,Ruben,1209,200,5,2181,2190,0.004109589,3600.382,2186,0.182982617
Hybridflowshop,CPLEX_CP,Ruben,1210,200,5,2182,2211,0.013116237,3600.331,2194,0.774840474
Hybridflowshop,CPLEX_CP,Ruben,1211,200,5,2108,2132,0.011257036,3600.362,2112,0.946969697
Hybridflowshop,CPLEX_CP,Ruben,1212,200,5,2204,2209,0.002263468,3600.388,2209,0
Hybridflowshop,CPLEX_CP,Ruben,1213,200,5,2246,2246,0,2413.379,2246,0
Hybridflowshop,CPLEX_CP,Ruben,1214,200,5,2116,2121,0.002357379,3600.431,2120,0.047169811
Hybridflowshop,CPLEX_CP,Ruben,1215,200,5,2101,2117,0.007557865,3600.349,2103,0.665715644
Hybridflowshop,CPLEX_CP,Ruben,1216,200,5,2123,2131,0.003754106,3600.376,2128,0.140977444
Hybridflowshop,CPLEX_CP,Ruben,1217,200,5,2134,2141,0.0032695,3600.395,2137,0.187178287
Hybridflowshop,CPLEX_CP,Ruben,1218,200,5,2138,2142,0.001867414,3600.389,2140,0.093457944
Hybridflowshop,CPLEX_CP,Ruben,1219,200,5,2209,2218,0.00405771,3600.427,2217,0.045105999
Hybridflowshop,CPLEX_CP,Ruben,1220,200,5,2082,2089,0.003350886,3600.34,2087,0.095831337
Hybridflowshop,CPLEX_CP,Ruben,1221,200,5,2115,2126,0.005174036,3600.403,2122,0.188501414
Hybridflowshop,CPLEX_CP,Ruben,1222,200,5,2168,2183,0.006871278,3600.38,2176,0.321691176
Hybridflowshop,CPLEX_CP,Ruben,1223,200,5,2111,2137,0.012166589,3600.35,2122,0.706880302
Hybridflowshop,CPLEX_CP,Ruben,1224,200,5,2235,2248,0.005782918,3600.406,2243,0.222915738
Hybridflowshop,CPLEX_CP,Ruben,1225,200,5,2224,2245,0.00935412,3600.359,2233,0.537393641
Hybridflowshop,CPLEX_CP,Ruben,1226,200,5,2195,2221,0.011706439,3600.32,2199,1.000454752
Hybridflowshop,CPLEX_CP,Ruben,1227,200,5,2144,2154,0.004642526,3600.399,2149,0.232666356
Hybridflowshop,CPLEX_CP,Ruben,1228,200,5,2207,2214,0.003161698,3600.784,2211,0.13568521
Hybridflowshop,CPLEX_CP,Ruben,1229,200,5,2234,2245,0.004899777,3600.351,2243,0.089166295
Hybridflowshop,CPLEX_CP,Ruben,1230,200,5,2124,2143,0.008866076,3600.371,2127,0.752233192
Hybridflowshop,CPLEX_CP,Ruben,1231,200,5,2342,2346,0.00170503,3600.412,2345,0.042643923
Hybridflowshop,CPLEX_CP,Ruben,1232,200,5,2065,2088,0.011015326,3600.913,2069,0.918318028
Hybridflowshop,CPLEX_CP,Ruben,1233,200,5,2286,2286,0,170.403,2286,0
Hybridflowshop,CPLEX_CP,Ruben,1234,200,5,2195,2202,0.003178928,3600.34,2202,0
Hybridflowshop,CPLEX_CP,Ruben,1235,200,5,2015,2074,0.028447445,3600.418,2021,2.622464127
Hybridflowshop,CPLEX_CP,Ruben,1236,200,5,2080,2115,0.016548463,3600.35,2082,1.585014409
Hybridflowshop,CPLEX_CP,Ruben,1237,200,5,2163,2167,0.00184587,3600.354,2165,0.092378753
Hybridflowshop,CPLEX_CP,Ruben,1238,200,5,2103,2123,0.009420631,3600.363,2111,0.568450971
Hybridflowshop,CPLEX_CP,Ruben,1239,200,5,2169,2180,0.005045872,3600.319,2176,0.183823529
Hybridflowshop,CPLEX_CP,Ruben,1240,200,5,2199,2204,0.002268603,3600.375,2203,0.045392646
Hybridflowshop,CPLEX_CP,Ruben,1241,200,5,2109,2123,0.006594442,3600.444,2115,0.378250591
Hybridflowshop,CPLEX_CP,Ruben,1242,200,5,2066,2100,0.016190476,3600.387,2074,1.253616201
Hybridflowshop,CPLEX_CP,Ruben,1243,200,5,2144,2161,0.007866728,3600.342,2159,0.092635479
Hybridflowshop,CPLEX_CP,Ruben,1244,200,5,2108,2108,0,249.745,2108,0
Hybridflowshop,CPLEX_CP,Ruben,1245,200,5,2078,2086,0.003835091,3600.409,2081,0.240269101
Hybridflowshop,CPLEX_CP,Ruben,1246,200,5,2209,2226,0.007637017,3600.295,2214,0.54200542
Hybridflowshop,CPLEX_CP,Ruben,1247,200,5,2175,2194,0.008659982,3600.394,2188,0.274223035
Hybridflowshop,CPLEX_CP,Ruben,1248,200,5,2119,2129,0.004697041,3600.338,2125,0.188235294
Hybridflowshop,CPLEX_CP,Ruben,1249,200,5,2190,2190,0,3025.153,2190,0
Hybridflowshop,CPLEX_CP,Ruben,1250,200,5,2111,2121,0.004714757,3600.378,2117,0.188946623
Hybridflowshop,CPLEX_CP,Ruben,1251,200,5,2124,2129,0.00234852,3600.376,2127,0.094029149
Hybridflowshop,CPLEX_CP,Ruben,1252,200,5,2126,2162,0.016651249,3600.35,2133,1.359587436
Hybridflowshop,CPLEX_CP,Ruben,1253,200,5,2079,2096,0.008110687,3600.317,2086,0.479386385
Hybridflowshop,CPLEX_CP,Ruben,1254,200,5,2099,2108,0.00426945,3600.311,2103,0.237755587
Hybridflowshop,CPLEX_CP,Ruben,1255,200,5,2230,2234,0.00179051,3600.447,2234,0
Hybridflowshop,CPLEX_CP,Ruben,1256,200,5,2209,2225,0.007191011,3600.408,2216,0.406137184
Hybridflowshop,CPLEX_CP,Ruben,1257,200,5,2110,2141,0.014479215,3600.356,2117,1.133679735
Hybridflowshop,CPLEX_CP,Ruben,1258,200,5,2031,2042,0.005386876,3600.351,2038,0.196270854
Hybridflowshop,CPLEX_CP,Ruben,1259,200,5,2167,2177,0.004593477,3600.391,2174,0.13799448
Hybridflowshop,CPLEX_CP,Ruben,1260,200,5,2190,2190,0,100.869,2190,0
Hybridflowshop,CPLEX_CP,Ruben,1261,200,10,3719,3999,0.070017504,3600.319,3721,7.471109917
Hybridflowshop,CPLEX_CP,Ruben,1262,200,10,3612,3847,0.061086561,3600.34,3623,6.182721502
Hybridflowshop,CPLEX_CP,Ruben,1263,200,10,3777,3998,0.055277639,3600.308,3780,5.767195767
Hybridflowshop,CPLEX_CP,Ruben,1264,200,10,3823,4049,0.055816251,3600.366,3825,5.85620915
Hybridflowshop,CPLEX_CP,Ruben,1265,200,10,3814,4049,0.058039022,3600.327,3821,5.967024339
Hybridflowshop,CPLEX_CP,Ruben,1266,200,10,3720,3968,0.0625,3600.347,3725,6.523489933
Hybridflowshop,CPLEX_CP,Ruben,1267,200,10,3827,4039,0.05248824,3600.379,3834,5.346896192
Hybridflowshop,CPLEX_CP,Ruben,1268,200,10,3696,3885,0.048648649,3600.338,3712,4.660560345
Hybridflowshop,CPLEX_CP,Ruben,1269,200,10,3747,3941,0.049226085,3600.332,3755,4.953395473
Hybridflowshop,CPLEX_CP,Ruben,1270,200,10,3710,3971,0.065726517,3600.338,3719,6.776015058
Hybridflowshop,CPLEX_CP,Ruben,1271,200,10,3711,3927,0.05500382,3600.251,3713,5.763533531
Hybridflowshop,CPLEX_CP,Ruben,1272,200,10,3797,3952,0.039220648,3600.344,3800,4
Hybridflowshop,CPLEX_CP,Ruben,1273,200,10,3714,3972,0.064954683,3600.343,3722,6.716818915
Hybridflowshop,CPLEX_CP,Ruben,1274,200,10,3734,3929,0.049630949,3600.314,3744,4.941239316
Hybridflowshop,CPLEX_CP,Ruben,1275,200,10,3894,4065,0.042066421,3600.381,3902,4.177344951
Hybridflowshop,CPLEX_CP,Ruben,1276,200,10,3832,4024,0.047713718,3600.38,3836,4.900938478
Hybridflowshop,CPLEX_CP,Ruben,1277,200,10,3749,3936,0.047510163,3600.332,3753,4.876099121
Hybridflowshop,CPLEX_CP,Ruben,1278,200,10,3757,3951,0.049101493,3600.283,3761,5.051847913
Hybridflowshop,CPLEX_CP,Ruben,1279,200,10,3714,3948,0.059270517,3600.349,3717,6.214689266
Hybridflowshop,CPLEX_CP,Ruben,1280,200,10,3568,3740,0.045989305,3600.296,3576,4.586129754
Hybridflowshop,CPLEX_CP,Ruben,1281,200,10,3739,3968,0.057711694,3600.301,3745,5.954606142
Hybridflowshop,CPLEX_CP,Ruben,1282,200,10,3791,4000,0.05225,3600.327,3792,5.485232068
Hybridflowshop,CPLEX_CP,Ruben,1283,200,10,3714,3942,0.057838661,3600.34,3717,6.053268765
Hybridflowshop,CPLEX_CP,Ruben,1284,200,10,3837,3966,0.032526475,3600.326,3838,3.335070349
Hybridflowshop,CPLEX_CP,Ruben,1285,200,10,3679,3948,0.068135765,3600.356,3680,7.282608696
Hybridflowshop,CPLEX_CP,Ruben,1286,200,10,3634,3881,0.063643391,3600.321,3637,6.708825955
Hybridflowshop,CPLEX_CP,Ruben,1287,200,10,3670,3841,0.044519656,3600.329,3677,4.460157737
Hybridflowshop,CPLEX_CP,Ruben,1288,200,10,3712,3982,0.067805123,3600.358,3726,6.870638755
Hybridflowshop,CPLEX_CP,Ruben,1289,200,10,3784,3926,0.036169129,3600.356,3787,3.670451545
Hybridflowshop,CPLEX_CP,Ruben,1290,200,10,3844,4028,0.045680238,3600.321,3848,4.677754678
Hybridflowshop,CPLEX_CP,Ruben,1291,200,10,3717,3896,0.045944559,3600.266,3727,4.534478133
Hybridflowshop,CPLEX_CP,Ruben,1292,200,10,3786,4002,0.053973013,3600.281,3794,5.482340538
Hybridflowshop,CPLEX_CP,Ruben,1293,200,10,3826,4021,0.048495399,3600.37,3837,4.795413083
Hybridflowshop,CPLEX_CP,Ruben,1294,200,10,3742,3907,0.042231891,3600.384,3755,4.047936085
Hybridflowshop,CPLEX_CP,Ruben,1295,200,10,3716,3985,0.067503137,3600.429,3722,7.066093498
Hybridflowshop,CPLEX_CP,Ruben,1296,200,10,3737,4050,0.077283951,3600.318,3740,8.288770053
Hybridflowshop,CPLEX_CP,Ruben,1297,200,10,3831,3913,0.020955788,3600.304,3833,2.087138012
Hybridflowshop,CPLEX_CP,Ruben,1298,200,10,3856,3985,0.032371393,3600.368,3863,3.158167228
Hybridflowshop,CPLEX_CP,Ruben,1299,200,10,3752,3975,0.056100629,3600.323,3753,5.915267786
Hybridflowshop,CPLEX_CP,Ruben,1300,200,10,3745,3951,0.052138699,3600.352,3748,5.416221985
Hybridflowshop,CPLEX_CP,Ruben,1301,200,10,3707,3894,0.048022599,3600.352,3708,5.01618123
Hybridflowshop,CPLEX_CP,Ruben,1302,200,10,3773,3931,0.040193335,3600.4,3783,3.912238964
Hybridflowshop,CPLEX_CP,Ruben,1303,200,10,3687,3882,0.050231839,3600.252,3696,5.032467532
Hybridflowshop,CPLEX_CP,Ruben,1304,200,10,3625,3842,0.056480999,3600.335,3628,5.898566703
Hybridflowshop,CPLEX_CP,Ruben,1305,200,10,3904,3934,0.007625826,3600.437,3906,0.716845878
Hybridflowshop,CPLEX_CP,Ruben,1306,200,10,3694,3879,0.047692704,3600.407,3700,4.837837838
Hybridflowshop,CPLEX_CP,Ruben,1307,200,10,3823,4022,0.049477872,3600.304,3829,5.040480543
Hybridflowshop,CPLEX_CP,Ruben,1308,200,10,3697,3881,0.047410461,3600.236,3699,4.920248716
Hybridflowshop,CPLEX_CP,Ruben,1309,200,10,3660,3951,0.07365224,3600.377,3668,7.715376227
Hybridflowshop,CPLEX_CP,Ruben,1310,200,10,3779,4015,0.058779577,3600.338,3781,6.188838931
Hybridflowshop,CPLEX_CP,Ruben,1311,200,10,3741,3997,0.064048036,3600.352,3741,6.843090083
Hybridflowshop,CPLEX_CP,Ruben,1312,200,10,3662,3840,0.046354167,3600.35,3669,4.660670482
Hybridflowshop,CPLEX_CP,Ruben,1313,200,10,3732,3940,0.052791878,3600.344,3738,5.403959337
Hybridflowshop,CPLEX_CP,Ruben,1314,200,10,3760,3904,0.036885246,3600.377,3771,3.526915937
Hybridflowshop,CPLEX_CP,Ruben,1315,200,10,3727,3942,0.054540842,3600.415,3736,5.51391863
Hybridflowshop,CPLEX_CP,Ruben,1316,200,10,3687,3986,0.075012544,3600.342,3695,7.875507442
Hybridflowshop,CPLEX_CP,Ruben,1317,200,10,3732,3915,0.046743295,3600.383,3737,4.763179021
Hybridflowshop,CPLEX_CP,Ruben,1318,200,10,3669,3925,0.06522293,3600.298,3673,6.860876668
Hybridflowshop,CPLEX_CP,Ruben,1319,200,10,3672,3800,0.033684211,3600.313,3674,3.429504627
Hybridflowshop,CPLEX_CP,Ruben,1320,200,10,3741,3866,0.032333161,3600.295,3745,3.230974633
Hybridflowshop,CPLEX_CP,Ruben,1321,200,10,3665,3919,0.064812452,3600.38,3683,6.407819712
Hybridflowshop,CPLEX_CP,Ruben,1322,200,10,3653,3882,0.058990211,3600.25,3658,6.12356479
Hybridflowshop,CPLEX_CP,Ruben,1323,200,10,3741,3883,0.036569663,3600.346,3744,3.712606838
Hybridflowshop,CPLEX_CP,Ruben,1324,200,10,3753,3966,0.053706505,3600.319,3760,5.478723404
Hybridflowshop,CPLEX_CP,Ruben,1325,200,10,3695,3879,0.047434906,3600.315,3700,4.837837838
Hybridflowshop,CPLEX_CP,Ruben,1326,200,10,3723,3924,0.051223242,3600.266,3727,5.285752616
Hybridflowshop,CPLEX_CP,Ruben,1327,200,10,3826,3958,0.033350177,3600.372,3828,3.396029258
Hybridflowshop,CPLEX_CP,Ruben,1328,200,10,3778,3997,0.054791093,3600.37,3779,5.768721884
Hybridflowshop,CPLEX_CP,Ruben,1329,200,10,3852,4027,0.043456667,3600.218,3855,4.461738003
Hybridflowshop,CPLEX_CP,Ruben,1330,200,10,3562,3823,0.068270991,3600.366,3564,7.2671156
Hybridflowshop,CPLEX_CP,Ruben,1331,200,10,3710,3901,0.048961805,3600.364,3720,4.865591398
Hybridflowshop,CPLEX_CP,Ruben,1332,200,10,3778,3925,0.037452229,3600.332,3782,3.781068218
Hybridflowshop,CPLEX_CP,Ruben,1333,200,10,3675,3842,0.043466944,3600.321,3680,4.402173913
Hybridflowshop,CPLEX_CP,Ruben,1334,200,10,3827,4013,0.046349365,3600.386,3829,4.805432228
Hybridflowshop,CPLEX_CP,Ruben,1335,200,10,3630,3793,0.042973899,3600.301,3643,4.117485589
Hybridflowshop,CPLEX_CP,Ruben,1336,200,10,3829,4009,0.044898977,3600.358,3832,4.618997912
Hybridflowshop,CPLEX_CP,Ruben,1337,200,10,3652,3777,0.033095049,3600.277,3677,2.719608376
Hybridflowshop,CPLEX_CP,Ruben,1338,200,10,3803,3931,0.032561689,3600.323,3811,3.148779848
Hybridflowshop,CPLEX_CP,Ruben,1339,200,10,3909,3935,0.00660737,3600.227,3913,0.562228469
Hybridflowshop,CPLEX_CP,Ruben,1340,200,10,3582,3881,0.077041999,3600.32,3595,7.955493741
Hybridflowshop,CPLEX_CP,Ruben,1341,200,10,3619,3803,0.048382856,3600.231,3624,4.939293598
Hybridflowshop,CPLEX_CP,Ruben,1342,200,10,3723,3964,0.060797175,3600.365,3734,6.159614355
Hybridflowshop,CPLEX_CP,Ruben,1343,200,10,3802,3989,0.046878917,3600.384,3806,4.808197583
Hybridflowshop,CPLEX_CP,Ruben,1344,200,10,3745,3935,0.048284625,3600.324,3750,4.933333333
Hybridflowshop,CPLEX_CP,Ruben,1345,200,10,3816,3999,0.04576144,3600.29,3828,4.467084639
Hybridflowshop,CPLEX_CP,Ruben,1346,200,10,3850,3968,0.029737903,3600.281,3854,2.95796575
Hybridflowshop,CPLEX_CP,Ruben,1347,200,10,3919,4045,0.031149567,3600.343,3926,3.031074885
Hybridflowshop,CPLEX_CP,Ruben,1348,200,10,3754,3965,0.053215637,3600.661,3759,5.480180899
Hybridflowshop,CPLEX_CP,Ruben,1349,200,10,3706,3873,0.043119029,3600.33,3713,4.309183948
Hybridflowshop,CPLEX_CP,Ruben,1350,200,10,3759,3832,0.019050104,3600.37,3762,1.860712387
Hybridflowshop,CPLEX_CP,Ruben,1351,200,10,2321,2456,0.054967427,3600.748,2332,5.317324185
Hybridflowshop,CPLEX_CP,Ruben,1352,200,10,2298,2461,0.066233239,3600.699,2318,6.169111303
Hybridflowshop,CPLEX_CP,Ruben,1353,200,10,2277,2487,0.084439083,3600.698,2299,8.177468465
Hybridflowshop,CPLEX_CP,Ruben,1354,200,10,2332,2512,0.071656051,3600.855,2342,7.258753202
Hybridflowshop,CPLEX_CP,Ruben,1355,200,10,2376,2575,0.077281553,3600.72,2400,7.291666667
Hybridflowshop,CPLEX_CP,Ruben,1356,200,10,2297,2431,0.055121349,3600.806,2306,5.420641804
Hybridflowshop,CPLEX_CP,Ruben,1357,200,10,2322,2472,0.060679612,3600.724,2326,6.276870163
Hybridflowshop,CPLEX_CP,Ruben,1358,200,10,2323,2513,0.075606844,3600.709,2333,7.715387913
Hybridflowshop,CPLEX_CP,Ruben,1359,200,10,2336,2442,0.043407043,3600.721,2345,4.136460554
Hybridflowshop,CPLEX_CP,Ruben,1360,200,10,2344,2525,0.071683168,3600.767,2348,7.538330494
Hybridflowshop,CPLEX_CP,Ruben,1361,200,10,2274,2487,0.085645356,3600.586,2279,9.126810004
Hybridflowshop,CPLEX_CP,Ruben,1362,200,10,2342,2432,0.037006579,3600.685,2351,3.445342407
Hybridflowshop,CPLEX_CP,Ruben,1363,200,10,2242,2446,0.083401472,3600.683,2252,8.614564831
Hybridflowshop,CPLEX_CP,Ruben,1364,200,10,2352,2499,0.058823529,3600.696,2362,5.800169348
Hybridflowshop,CPLEX_CP,Ruben,1365,200,10,2358,2543,0.072748722,3600.713,2374,7.118786858
Hybridflowshop,CPLEX_CP,Ruben,1366,200,10,2279,2461,0.073953677,3600.657,2292,7.373472949
Hybridflowshop,CPLEX_CP,Ruben,1367,200,10,2336,2518,0.072279587,3600.784,2337,7.744972187
Hybridflowshop,CPLEX_CP,Ruben,1368,200,10,2397,2525,0.050693069,3600.633,2406,4.945968412
Hybridflowshop,CPLEX_CP,Ruben,1369,200,10,2371,2522,0.059873117,3600.733,2384,5.788590604
Hybridflowshop,CPLEX_CP,Ruben,1370,200,10,2339,2511,0.068498606,3600.672,2345,7.078891258
Hybridflowshop,CPLEX_CP,Ruben,1371,200,10,2336,2510,0.069322709,3600.64,2346,6.990622336
Hybridflowshop,CPLEX_CP,Ruben,1372,200,10,2353,2490,0.05502008,3600.698,2358,5.597964377
Hybridflowshop,CPLEX_CP,Ruben,1373,200,10,2311,2462,0.06133225,3600.686,2329,5.71060541
Hybridflowshop,CPLEX_CP,Ruben,1374,200,10,2321,2460,0.056504065,3600.703,2331,5.534105534
Hybridflowshop,CPLEX_CP,Ruben,1375,200,10,2321,2510,0.075298805,3600.681,2333,7.586798114
Hybridflowshop,CPLEX_CP,Ruben,1376,200,10,2294,2446,0.062142273,3600.738,2300,6.347826087
Hybridflowshop,CPLEX_CP,Ruben,1377,200,10,2347,2517,0.067540723,3600.698,2357,6.788290199
Hybridflowshop,CPLEX_CP,Ruben,1378,200,10,2365,2491,0.050582096,3600.732,2372,5.016863406
Hybridflowshop,CPLEX_CP,Ruben,1379,200,10,2328,2460,0.053658537,3600.762,2331,5.534105534
Hybridflowshop,CPLEX_CP,Ruben,1380,200,10,2313,2547,0.091872792,3600.681,2319,9.831824062
Hybridflowshop,CPLEX_CP,Ruben,1381,200,10,2335,2521,0.073780246,3601.035,2352,7.18537415
Hybridflowshop,CPLEX_CP,Ruben,1382,200,10,2351,2467,0.047020673,3600.822,2361,4.489623041
Hybridflowshop,CPLEX_CP,Ruben,1383,200,10,2275,2428,0.063014827,3600.869,2288,6.118881119
Hybridflowshop,CPLEX_CP,Ruben,1384,200,10,2336,2519,0.072647876,3600.799,2351,7.145895364
Hybridflowshop,CPLEX_CP,Ruben,1385,200,10,2410,2628,0.082952816,3600.725,2414,8.864954432
Hybridflowshop,CPLEX_CP,Ruben,1386,200,10,2277,2432,0.063733553,3600.599,2286,6.386701662
Hybridflowshop,CPLEX_CP,Ruben,1387,200,10,2229,2415,0.077018634,3600.646,2239,7.860652077
Hybridflowshop,CPLEX_CP,Ruben,1388,200,10,2302,2434,0.054231717,3600.667,2311,5.322371268
Hybridflowshop,CPLEX_CP,Ruben,1389,200,10,2315,2480,0.066532258,3600.664,2323,6.758501937
Hybridflowshop,CPLEX_CP,Ruben,1390,200,10,2314,2524,0.083201268,3600.71,2334,8.140531277
Hybridflowshop,CPLEX_CP,Ruben,1391,200,10,2303,2400,0.040416667,3600.744,2307,4.031209363
Hybridflowshop,CPLEX_CP,Ruben,1392,200,10,2292,2521,0.090836969,3600.796,2298,9.704090513
Hybridflowshop,CPLEX_CP,Ruben,1393,200,10,2249,2472,0.090210356,3600.65,2255,9.623059867
Hybridflowshop,CPLEX_CP,Ruben,1394,200,10,2331,2500,0.0676,3600.736,2339,6.883283454
Hybridflowshop,CPLEX_CP,Ruben,1395,200,10,2253,2436,0.075123153,3600.7,2267,7.454786061
Hybridflowshop,CPLEX_CP,Ruben,1396,200,10,2478,2594,0.044718581,3600.782,2484,4.428341385
Hybridflowshop,CPLEX_CP,Ruben,1397,200,10,2310,2550,0.094117647,3600.86,2320,9.913793103
Hybridflowshop,CPLEX_CP,Ruben,1398,200,10,2350,2530,0.071146245,3600.753,2361,7.157983905
Hybridflowshop,CPLEX_CP,Ruben,1399,200,10,2336,2440,0.042622951,3600.693,2341,4.228961982
Hybridflowshop,CPLEX_CP,Ruben,1400,200,10,2276,2450,0.071020408,3600.727,2294,6.800348736
Hybridflowshop,CPLEX_CP,Ruben,1401,200,10,2353,2528,0.069224684,3600.667,2364,6.937394247
Hybridflowshop,CPLEX_CP,Ruben,1402,200,10,2377,2461,0.034132466,3600.672,2379,3.446826398
Hybridflowshop,CPLEX_CP,Ruben,1403,200,10,2304,2487,0.07358263,3600.697,2319,7.24450194
Hybridflowshop,CPLEX_CP,Ruben,1404,200,10,2408,2514,0.042163882,3600.782,2414,4.142502071
Hybridflowshop,CPLEX_CP,Ruben,1405,200,10,2352,2490,0.055421687,3600.762,2362,5.419136325
Hybridflowshop,CPLEX_CP,Ruben,1406,200,10,2457,2585,0.049516441,3600.762,2462,4.995938262
Hybridflowshop,CPLEX_CP,Ruben,1407,200,10,2302,2526,0.088677751,3600.639,2312,9.256055363
Hybridflowshop,CPLEX_CP,Ruben,1408,200,10,2333,2447,0.046587658,3600.6,2343,4.438753735
Hybridflowshop,CPLEX_CP,Ruben,1409,200,10,2314,2476,0.06542811,3600.681,2321,6.678155967
Hybridflowshop,CPLEX_CP,Ruben,1410,200,10,2342,2494,0.060946271,3600.612,2356,5.857385399
Hybridflowshop,CPLEX_CP,Ruben,1411,200,10,2325,2531,0.081390755,3600.707,2329,8.673250322
Hybridflowshop,CPLEX_CP,Ruben,1412,200,10,2274,2494,0.088211708,3600.8,2287,9.051158723
Hybridflowshop,CPLEX_CP,Ruben,1413,200,10,2370,2555,0.072407045,3600.641,2378,7.443229605
Hybridflowshop,CPLEX_CP,Ruben,1414,200,10,2337,2457,0.048840049,3600.605,2346,4.731457801
Hybridflowshop,CPLEX_CP,Ruben,1415,200,10,2366,2500,0.0536,3600.74,2377,5.174589819
Hybridflowshop,CPLEX_CP,Ruben,1416,200,10,2257,2443,0.076135898,3600.736,2266,7.811120918
Hybridflowshop,CPLEX_CP,Ruben,1417,200,10,2313,2459,0.059373729,3600.784,2320,5.99137931
Hybridflowshop,CPLEX_CP,Ruben,1418,200,10,2350,2438,0.03609516,3600.683,2359,3.348876643
Hybridflowshop,CPLEX_CP,Ruben,1419,200,10,2445,2539,0.03702245,3600.628,2448,3.717320261
Hybridflowshop,CPLEX_CP,Ruben,1420,200,10,2272,2477,0.082761405,3600.657,2278,8.735733099
Hybridflowshop,CPLEX_CP,Ruben,1421,200,10,2363,2578,0.083397983,3600.739,2371,8.730493463
Hybridflowshop,CPLEX_CP,Ruben,1422,200,10,2343,2503,0.063923292,3600.722,2360,6.059322034
Hybridflowshop,CPLEX_CP,Ruben,1423,200,10,2327,2502,0.069944045,3600.681,2334,7.197943445
Hybridflowshop,CPLEX_CP,Ruben,1424,200,10,2374,2599,0.086571758,3600.853,2381,9.155816884
Hybridflowshop,CPLEX_CP,Ruben,1425,200,10,2290,2480,0.076612903,3600.74,2314,7.173725151
Hybridflowshop,CPLEX_CP,Ruben,1426,200,10,2388,2491,0.041348856,3600.826,2398,3.87823186
Hybridflowshop,CPLEX_CP,Ruben,1427,200,10,2315,2440,0.051229508,3600.691,2321,5.127100388
Hybridflowshop,CPLEX_CP,Ruben,1428,200,10,2343,2581,0.092212321,3600.746,2350,9.829787234
Hybridflowshop,CPLEX_CP,Ruben,1429,200,10,2306,2538,0.091410559,3600.705,2317,9.538195943
Hybridflowshop,CPLEX_CP,Ruben,1430,200,10,2347,2480,0.053629032,3600.78,2356,5.263157895
Hybridflowshop,CPLEX_CP,Ruben,1431,200,10,2242,2422,0.074318745,3600.714,2258,7.263064659
Hybridflowshop,CPLEX_CP,Ruben,1432,200,10,2318,2504,0.07428115,3600.689,2331,7.421707422
Hybridflowshop,CPLEX_CP,Ruben,1433,200,10,2413,2521,0.042840143,3601.102,2429,3.7875669
Hybridflowshop,CPLEX_CP,Ruben,1434,200,10,2340,2457,0.047619048,3600.725,2348,4.642248722
Hybridflowshop,CPLEX_CP,Ruben,1435,200,10,2406,2517,0.044100119,3600.758,2413,4.309987567
Hybridflowshop,CPLEX_CP,Ruben,1436,200,10,2350,2529,0.070778964,3600.784,2360,7.161016949
Hybridflowshop,CPLEX_CP,Ruben,1437,200,10,2246,2477,0.093257973,3600.663,2256,9.796099291
Hybridflowshop,CPLEX_CP,Ruben,1438,200,10,2278,2455,0.07209776,3600.711,2301,6.692742286
Hybridflowshop,CPLEX_CP,Ruben,1439,200,10,2412,2576,0.063664596,3600.753,2419,6.490285242
Hybridflowshop,CPLEX_CP,Ruben,1440,200,10,2334,2548,0.083987441,3600.759,2342,8.795900939
